--
-- DATABASE SUPERLEAGUE
--

DROP TABLE IF EXISTS CLUB;
DROP TABLE IF EXISTS TORNEO;
DROP TABLE IF EXISTS GIOCATORI;
DROP TABLE IF EXISTS ALLENATORE;
DROP TABLE IF EXISTS STADIO;
DROP TABLE IF EXISTS PARTITA;
DROP TABLE IF EXISTS EMITTENTE_TV;
DROP TABLE IF EXISTS ARBITRO;
DROP TABLE IF EXISTS GIORNATA;
DROP TABLE IF EXISTS SPONSOR;
DROP TABLE IF EXISTS BIGLIETTO;

-- CREAZIONE TABELLE

CREATE TABLE CLUB (
	NOME 				varchar(50)		primary key,
	COLORE_MAGLIA		varchar(32)		not null,
	NAZIONALITA 		varchar(32)		not null,
	RUOLO				varchar(20)		not null,
	PRESIDENTE			varchar(32)		not null,
	ANNO_FONDAZIONE		smallint		not null,
	TROFEI				smallint		not null,
	CAPITALE			integer			not null,
	NOME_STADIO			varchar(50),
	NOME_SPONSOR		varchar(32),
	foreign key (NOME_STADIO) references STADIO(NOME)	on update cascade on delete cascade,
	foreign key (NOME_SPONSOR) references SPONSOR(NOME)	on update cascade on delete cascade
);

CREATE TABLE TORNEO (
	GIRONE				smallint		primary key,
	RISULTATO			varchar(10)		not null,
	ORARIO				time			not null,
	NOME_CLUB_CASA		varchar(50),
	NOME_CLUB_TRASFERTA	varchar(50),
	foreign key (NOME_CLUB_CASA) references CLUB(NOME)	on update cascade on delete cascade,
	foreign key (NOME_CLUB_TRASFERTA) references CLUB(NOME)	on update cascade on delete cascade
);

CREATE TABLE GIOCATORI (
	CF					varchar(20)		primary key,
	NOME				varchar(32)		not null,
	COGNOME				varchar(32)		not null,
	N_MAGLIA			smallint		not null,
	PIEDE				varchar(10)		not null,
	RUOLO				varchar(15)		not null,
	DATA_NASCITA		date			not null,
	NAZIONALITA			varchar(32)		not null,
	STIPENDIO			integer			not null,
	ANNI_CONTRATTO		smallint		not null,
	VALORE_MERCATO		integer			not null,
	PRESENZE			smallint		not null,
	NOME_SPONSOR		varchar(32),
	NOME_CLUB			varchar(50),
	foreign key (NOME_CLUB) references CLUB(NOME)	on update cascade on delete cascade,
	foreign key (NOME_SPONSOR) references SPONSOR(NOME)	on update cascade on delete cascade
);

CREATE TABLE ALLENATORE (
	CF					varchar(20)		primary key,
	NOME				varchar(32)		not null,
	COGNOME				varchar(32)		not null,
	DATA_NASCITA		date			not null,
	NAZIONALITA			varchar(32)		not null,
	STIPENDIO			integer			not null,
	ANNI_CONTRATTO		date			not null,
	MODULO				varchar(10)		not null,
	MEDIA_PTI			decimal(5,2)	not null,
	NOME_CLUB			varchar(50),
	foreign key (NOME_CLUB) references CLUB(NOME)	on update cascade on delete cascade
);

CREATE TABLE STADIO (
	NOME				varchar(32)		primary key,
	ANNO_COSTRUZIONE	smallint		not null,
	CAPIENZA			integer			not null,
	PROPRIETA			varchar(2)		not null,
	CITTA				varchar(20)		not null
);

CREATE TABLE PARTITA (
	COD					varchar(6)		primary key,
	ORA 				time			not null,
	NUMERO_GIORNATA		smallint,
	NOME_STADIO			varchar(32),
	NOME_CLUB_CASA		varchar(50),
	GOAL_CASA			smallint		not null,
	NOME_CLUB_TRASFERTA	varchar(50),
	GOAL_TRASFERTA		smallint		not null,
	CF_ARBITRO			varchar(10),
	NOME_TV				varchar(32),
	foreign key (NUMERO_GIORNATA) references GIORNATA(NUMERO) on update cascade on delete cascade,
	foreign key (NOME_STADIO) references STADIO(NOME) on update cascade on delete cascade,
	foreign key (NOME_CLUB_CASA) references CLUB(NOME)	on update cascade on delete cascade,
	foreign key (NOME_CLUB_TRASFERTA) references CLUB(NOME)	on update cascade on delete cascade,
	foreign key (CF_ARBITRO) references ARBITRO(CF)	on update cascade on delete cascade,
	foreign key (NOME_TV) references EMITTENTE_TV(NOME)	on update cascade on delete cascade
);

CREATE TABLE EMITTENTE_TV (
	NOME				varchar(32)		primary key,
	CRONISTA			varchar(50)		not null,
	OPINIONISTA			varchar(50)		not null,
	LINGUA				varchar(20)		not null
);

CREATE TABLE ARBITRO (
	CF					varchar(10)		primary key,
	NOME				varchar(32)		not null,
	COGNOME				varchar(32)		not null,
	ETA					date			not null,
	NAZIONALITA			varchar(32)		not null
);

CREATE TABLE GIORNATA (
	NUMERO				smallint		primary key,
	DATA_G				date			not null
	
);

CREATE TABLE SPONSOR (
	NOME				varchar(32)		primary key,
	NETTO				integer			not null,
	BONUS				integer			not null	
);

CREATE TABLE BIGLIETTO (
	COD					varchar(10)		primary key,
	TITOLARE			varchar(50)		not null,
	PREZZO				decimal(7,2)	not null,
	TIPO				varchar(20)		not null,
	DATA_INIZIO			date			not null,
	DATA_FINE			date			not null,
	SETTORE				smallint		not null,
	FILA				smallint		not null,
	POSTO				smallint,
	NOME_CLUB			varchar(50),
	COD_PARTITA			varchar(10),
	foreign key (NOME_CLUB) references CLUB(NOME)	on update cascade on delete cascade,
	foreign key (COD_PARTITA) references PARTITA(COD)	on update cascade on delete cascade
);

-- POPOLAZIONE TABELLE

INSERT INTO CLUB (NOME, COLORE_MAGLIA, NAZIONALITA, RUOLO, PRESIDENTE, ANNO_FONDAZIONE, TROFEI, CAPITALE, NOME_STADIO, NOME_SPONSOR) VALUES
	('Manchester City Football Club', 			'Celeste', 				'Inghilterra', 	'Fondatore',		'Khaldun al-Mubarak',		'1890',		'28',	'9593000000',	'Ethiad Stadium',				   'Ethiad Airways'),
	('Juventus Football Club', 					'Bianco/Nero', 			'Italia', 		'Fondatore',		'Andrea Agnelli',			'1897',		'72',	'5556000000',	'Allianz Stadium',				   'Jeep'),
	('Football Club Internazionale Milano', 	'Nero/Azzurro', 		'Italia', 		'Fondatore',		'Steven Zhang',				'1908',		'42',	'5289000000',	'Giuseppe Meazza',				   'DigitalBits'),
	('Associazione Calcio Milan', 				'Rosso/Nero', 			'Italia', 		'Fondatore',		'Paolo Scaroni',			'1899',		'52',	'4801000000',	'San Siro',						   'Fly Emirates'),
	('Manchester United Football Club', 		'Rosso/Bianco/Nero', 	'Inghilterra', 	'Fondatore',		'Joel Glazer/Avram Glazer',	'1878',		'66',	'7212500000',	'Old Trafford',					   'TeamViewer'),
	('Chelsea Football Club', 					'Blu', 					'Inghilterra', 	'Fondatore',		'Bruce Buck',				'1905',		'32',	'8520000000',	'Stamford Bridge',				   'WhaleFin'),
	('Arsenal Football Club', 					'Rosso/Bianco', 		'Inghilterra', 	'Fondatore',		'Josh Kroenke',				'1886',		'47',	'5210000000',	'Emirates Stadium',				   'Emirates'),
	('Liverpool Football Club', 				'Rosso', 				'Inghilterra', 	'Fondatore',		'Tom Werner',				'1892',		'64',	'9005000000',	'Anfield',						   'Standard Chartered'),
	('Fußball-Club Bayern München', 			'Rosso/Bianco', 		'Germania', 	'Fondatore',		'Herbert Hainer',			'1900',		'81',	'8045000000',	'Allianz Arena',				   'Deutsche Telekom'),
	('Paris Saint-Germain', 					'Blu/Rosso', 			'Francia', 		'Fondatore',		'Nasser Al-Khelaïfi',		'1970',		'45',	'9034500000',	'Parco dei Principi',			   'Accor Live Limitless'),
	('Tottenham Hotspur', 						'Bianco/Blu', 			'Inghilterra', 	'Fondatore',		'Daniel Levy',				'1882',		'24',	'5872500000',	'Tottenham Hotspur Stadium',	   'AIA'),
	('Real Madrid Club de Fútbol', 				'Bianco', 				'Spagna', 		'Fondatore',		'Florentino Pérez',			'1902',		'96',	'7565000000',	'Santiago Bernabéu',			   'Emirates'),
	('Club Atlético de Madrid', 				'Bianco/Rosso/Blu', 	'Spagna', 		'Fondatore',		'Enrique Cerezo',			'1903',		'34',	'6605000000',	'Stadio Wanda Metropolitano',	   'Plus500'),
	('Futbol Club Barcelona', 					'Blu/Granata', 			'Spagna', 		'Fondatore',		'Joan Laporta',				'1899',		'97',	'6790000000',	'Camp Nou',						   'Spotify'),
	('Ballspielverein Borussia 09 Dortmund', 	'Giallo/Nero', 			'Germania', 	'Fondatore',		'Reinhard Rauball',			'1909',		'22',	'5602500000',	'Signal Iduna Park',			   'Evonick'),
	('Associazione Sportiva Roma', 				'Giallo/Rosso', 		'Italia', 		'Qualificato',		'Dan Friedkin',				'1927',		'17',	'3693500000',	'Olimpico',						   'Qatar Airways'),
	('Sport Lisboa e Benfica', 					'Rosso/Bianco', 		'Portogallo', 	'Qualificato',		'Manuel Rui Costa',			'1904',		'86',	'2660000000',	'Da Luz',						   'Emirates'),
	('RasenBallsport Leipzig', 					'Bianco/Rosso', 		'Germania', 	'Qualificato',		'Oliver Mintzlaff',			'2009',		'0',	'4656000000',	'Red Bull Arena',				   'Red Bull'),
	('Sevilla Futbol Club', 					'Bianco/Rosso', 		'Spagna', 		'Qualificato',		'Jose Castro Carmona',		'1890',		'14',	'4119000000',	'Ramon Sanchez Pizjuan',		   'Marathon Bet'),
	('Amsterdam Football Club Ajax', 			'Bianco/Rosso', 		'Olanda', 		'Qualificato',		'Hennie Hendrics',			'1900',		'75',	'3452500000',	'Johan Cruijff Arena',			   'Ziggo'),
	('Società Sportiva Calcio Napoli', 			'Azzuro', 				'Italia', 		'Non Qualificato',	'Aurelio De Laurentiis',	'1926',		'14',	'4938500000',	'Stadio Diego Armando Maradona',   'Garofalo'),
	('Celtic Football Club', 					'Bianco/Verde', 		'Scozia', 		'Non Qualificato',	'Ian Bankier',				'1887',		'116',	'793300000',	'Celtic Park',					   'DafaBet'),
	('Galatasaray Spor Kulübü', 				'Giallo/Rosso', 		'Turchia', 		'Non Qualificato',	'Burak Elmas',				'1905',		'59',	'1042300000',	'Nef Stadyumu',					   'Turkish Airlines'),
	('Futebol Clube do Porto', 					'Blu/Bianco', 			'Portogallo', 	'Non Qualificato',	'Pinto da Costa',			'1893',		'90',	'2593000000',	'Estádio do Dragão',			   'Altice'),
	('Olympique Lyonnais', 						'Bianco/Blu/Rosso', 	'Francia', 		'Non Qualificato',	'Jean-Michel Aulas',		'1950',		'22',	'3440500000',	'Parc Olympique Lyonnais',		   'Emirates');
	

INSERT INTO TORNEO (GIRONE, RISULTATO, ORARIO, NOME_CLUB_CASA, NOME_CLUB_TRASFERTA) VALUES
	('1', 	'2 - 1', 	'15:00:00', 	'Associazione Sportiva Roma',		'Società Sportiva Calcio Napoli'),
	('2', 	'0 - 3', 	'17:00:00', 	'Celtic Football Club',				'Benfica'),
	('3', 	'2 - 4', 	'18:30:00', 	'Galatasaray Spor Kulübü',			'RasenBallsport Leipzig'),
	('4', 	'3 - 1', 	'20:15:00', 	'Sevilla Futbol Club',				'Futebol Clube do Porto'),
	('5', 	'1 - 0', 	'22:00:00', 	'Amsterdam Football Club Ajax',		'Olympique Lyonnais');


INSERT INTO GIOCATORI (CF, NOME, COGNOME, N_MAGLIA, PIEDE, RUOLO, DATA_NASCITA, NAZIONALITA, STIPENDIO, ANNI_CONTRATTO, VALORE_MERCATO, PRESENZE, NOME_SPONSOR, NOME_CLUB) VALUES
	('ENMS93', 	'Ederson', 		'Moraes', 					'31', 	'sinistro', 	'Portiere',			'1993-08-17', 	'Brasile', 				'3125000', 	'2026-06-30', 	'50000000', 	'18', 	'Monster',		'Manchester City Football Club'),
	('ZKSN95', 	'Zack', 		'Steffen', 					'13', 	'destro', 		'Portiere',			'1995-04-02', 	'Stati Uniti', 			'3750000', 	'2025-06-30', 	'6000000', 		'27', 	'',				'Manchester City Football Club'),
	('STCN85', 	'Scott', 		'Carson', 					'33', 	'destro', 		'Portiere',			'1985-09-03', 	'Inghilterra', 			'1875000', 	'2025-06-30', 	'300000', 		'10', 	'',				'Manchester City Football Club'),
	('RNDS97', 	'Rúben', 		'Dias', 					'3', 	'destro', 		'Difensore',		'1997-05-14', 	'Portogallo', 			'4688000', 	'2027-06-30', 	'75000000', 	'10', 	'',				'Manchester City Football Club'),
	('ACLE94',	'Aymeric', 		'Laporte', 					'14',	'sinistro', 	'Difensore',		'1994-05-27', 	'Spagna', 				'2813000', 	'2025-06-30', 	'45000000', 	'12', 	'',				'Manchester City Football Club'),
	('JNSS94', 	'John', 		'Stones', 					'5', 	'destro', 		'Difensore',		'1994-05-28', 	'Inghilterra', 			'1750000', 	'2026-06-30', 	'28000000', 	'28', 	'',				'Manchester City Football Club'),
	('NNAÉ95', 	'Nathan', 		'Aké', 						'6', 	'sinistro', 	'Difensore',		'1995-02-18', 	'Olanda', 				'1563000', 	'2025-06-30', 	'25000000', 	'6', 	'',				'Manchester City Football Club'),
	('ORZO96', 	'Oleksandr', 	'Zinchenko', 				'11', 	'sinistro', 	'Difensore',		'1996-12-15', 	'Ucraina', 				'1563000', 	'2024-06-30', 	'25000000', 	'19', 	'',				'Manchester City Football Club'),
	('BNMY94', 	'Benjamin', 	'Mendy', 					'22', 	'sinistro', 	'Difensore',		'1994-07-17', 	'Francia', 				'420000', 	'2023-06-30', 	'6900000', 		'14', 	'',				'Manchester City Football Club'),
	('JOCO94', 	'João', 		'Cancelo', 					'27', 	'destro', 		'Difensore',		'1994-05-27', 	'Portogallo', 			'3750000', 	'2027-06-30', 	'60000000', 	'14', 	'',				'Manchester City Football Club'),
	('KEWR90', 	'Kyle', 		'Walker', 					'2', 	'destro', 		'Difensore',		'1990-05-28', 	'Inghilterra', 			'1563000', 	'2024-06-30', 	'25000000', 	'23', 	'',				'Manchester City Football Club'),
	('RIHZ96', 	'Rodri', 		'Hernández', 				'16', 	'destro', 		'Centrocampista',	'1996-06-22', 	'Spagna', 				'4375000', 	'2024-06-30', 	'70000000', 	'24', 	'',				'Manchester City Football Club'),
	('FOLS85', 	'Fernandinho', 	'Luis', 					'25', 	'destro', 		'Centrocampista',	'1985-05-04', 	'Brasile', 				'1250000', 	'2025-06-30', 	'2000000', 		'6', 	'',				'Manchester City Football Club'),
	('PLFN00', 	'Phil', 		'Foden', 					'47', 	'sinistro', 	'Centrocampista',	'2000-05-28', 	'Inghilterra', 			'5625000', 	'2024-06-30', 	'90000000', 	'27', 	'',				'Manchester City Football Club'),
	('IYGN90', 	'Ilkay', 		'Gündogan', 				'8', 	'destro', 		'Centrocampista',	'1990-10-24', 	'Germania', 			'2188000', 	'2023-06-30', 	'35000000', 	'18', 	'',				'Manchester City Football Club'),
	('KNDE91', 	'Kevin', 		'De Bruyne', 				'17', 	'destro', 		'Centrocampista',	'1991-06-28', 	'Belgio', 				'5625000', 	'2025-06-30', 	'90000000', 	'23', 	'Nike',			'Manchester City Football Club'),
	('BOSA94', 	'Bernardo', 	'Silva', 					'20', 	'sinistro', 	'Centrocampista',	'1994-08-10', 	'Portogallo', 			'4688000', 	'2025-06-30', 	'75000000', 	'31', 	'',				'Manchester City Football Club'),
	('CEPR02', 	'Cole', 		'Palmer', 					'80', 	'sinistro', 	'Centrocampista',	'2002-05-06', 	'Inghilterra', 			'1875000', 	'2026-06-30', 	'3000000', 		'16', 	'',				'Manchester City Football Club'),
	('RMSG94', 	'Raheem', 		'Sterling', 				'7', 	'destro', 		'Attaccante',		'1994-12-08', 	'Inghilterra', 			'5313000', 	'2023-06-30', 	'85000000', 	'31', 	'Vans',			'Manchester City Football Club'),
	('JKGH95', 	'Jack', 		'Grealish', 				'10', 	'destro', 		'Attaccante',		'1995-09-10', 	'Inghilterra', 			'5000000', 	'2027-06-30', 	'80000000', 	'26', 	'',				'Manchester City Football Club'),
	('RDMZ91', 	'Riyad', 		'Mahrez', 					'26', 	'sinistro', 	'Attaccante',		'1991-02-21', 	'Algeria', 				'2500000', 	'2023-06-30', 	'40000000', 	'19', 	'',				'Manchester City Football Club'),
	('GLJS97', 	'Gabriel', 		'Jesus', 					'9', 	'destro', 		'Attaccante',		'1997-04-03', 	'Brasile', 				'3125000', 	'2023-06-30', 	'50000000', 	'12', 	'',				'Manchester City Football Club'),
	('WHSY90', 	'Wojciech', 	'Szczesny', 				'1', 	'destro', 		'Portiere',			'1990-04-18', 	'Polonia', 				'9375000', 	'2024-06-30', 	'15000000', 	'8', 	'',				'Juventus Football Club'),
	('MAPN92', 	'Mattia', 		'Perin', 					'36', 	'destro', 		'Portiere',			'1992-11-10', 	'Italia', 				'2500000', 	'2025-06-30', 	'4000000', 		'11', 	'',				'Juventus Football Club'),
	('COPO90', 	'Carlo', 		'Pinsoglio', 				'23', 	'sinistro', 	'Portiere',			'1990-03-16', 	'Italia', 				'2500000', 	'2023-06-30', 	'400000', 		'18', 	'',				'Juventus Football Club'),
	('MSDT99', 	'Matthijs', 	'De Ligt', 					'4', 	'destro', 		'Difensore',		'1999-08-12', 	'Olanda', 				'4375000', 	'2024-06-30', 	'70000000', 	'30', 	'',				'Juventus Football Club'),
	('LOBI87', 	'Leonardo', 	'Bonucci', 					'19', 	'destro', 		'Difensore',		'1987-05-01', 	'Italia', 				'5000000', 	'2024-06-30', 	'8000000', 		'19', 	'',				'Juventus Football Club'),
	('DERI94', 	'Daniele', 		'Rugani', 					'24', 	'destro', 		'Difensore',		'1994-07-29', 	'Italia', 				'2188000', 	'2024-06-30', 	'3500000', 		'8', 	'',				'Juventus Football Club'),
	('GOCI84', 	'Giorgio', 		'Chiellini', 				'3', 	'sinistro', 	'Difensore',		'1984-08-14', 	'Italia', 				'9375000', 	'2023-06-30', 	'1500000', 		'14', 	'',				'Juventus Football Club'),
	('AXSO91', 	'Alex', 		'Sandro', 					'12', 	'sinistro', 	'Difensore',		'1991-01-26', 	'Brasile', 				'5625000', 	'2023-06-30', 	'9000000', 		'5', 	'',				'Juventus Football Club'),
	('LAPI99', 	'Luca', 		'Pellegrini', 				'17', 	'sinistro', 	'Difensore',		'1999-03-07', 	'Italia', 				'5000000', 	'2025-06-30', 	'8000000', 		'29', 	'',				'Juventus Football Club'),
	('DOLZ91', 	'Danilo', 		'Luiz', 					'6', 	'destro', 		'Difensore',		'1991-07-15', 	'Brasile', 				'9375000', 	'2024-06-30', 	'15000000', 	'10', 	'',				'Juventus Football Club'),
	('JNCO88', 	'Juan', 		'Cuadrado', 				'11', 	'destro', 		'Difensore',		'1988-05-26', 	'Colombia', 			'6250000', 	'2023-06-30', 	'10000000', 	'24', 	'',				'Juventus Football Club'),
	('MADO92', 	'Mattia', 		'De Sciglio', 				'2', 	'destro', 		'Difensore',		'1992-10-20', 	'Italia', 				'3750000', 	'2025-06-30', 	'6000000', 		'31', 	'',				'Juventus Football Club'),
	('MLLI98', 	'Manuel', 		'Locatelli', 				'27', 	'destro', 		'Centrocampista',	'1998-01-08', 	'Italia', 				'2188000', 	'2023-06-30', 	'35000000', 	'16', 	'',				'Juventus Football Club'),
	('DSZA96', 	'Denis', 		'Zakaria', 					'28', 	'destro', 		'Centrocampista',	'1996-11-20', 	'Svizzera', 			'1688000', 	'2026-06-30', 	'27000000', 	'25', 	'',				'Juventus Football Club'),
	('ARMO96', 	'Arthur', 		'Melo', 					'5', 	'destro', 		'Centrocampista',	'1996-08-12', 	'Brasile', 				'1250000', 	'2025-06-30', 	'20000000', 	'27', 	'',				'Juventus Football Club'),
	('WNME98', 	'Weston', 		'McKennie', 				'14', 	'destro', 		'Centrocampista',	'1998-08-28', 	'Stati Uniti', 			'1563000', 	'2025-06-30', 	'25000000', 	'17', 	'',				'Juventus Football Club'),
	('ANRT95', 	'Adrien', 		'Rabiot', 					'25', 	'sinistro', 	'Centrocampista',	'1995-04-03', 	'Francia', 				'1125000', 	'2023-06-30', 	'18000000', 	'14', 	'',				'Juventus Football Club'),
	('MYAÉ01', 	'Marley', 		'Aké', 						'38', 	'destro', 		'Attaccante',		'2001-01-05', 	'Francia', 				'1375000', 	'2025-06-30', 	'2200000', 		'18', 	'',				'Juventus Football Club'),
	('FOCA97', 	'Federico', 	'Chiesa', 					'22', 	'destro', 		'Attaccante',		'1997-10-25', 	'Italia', 				'4375000', 	'2025-06-30', 	'70000000', 	'15', 	'',				'Juventus Football Club'),
	('FOBI94', 	'Federico', 	'Bernardeschi', 			'20', 	'sinistro', 	'Attaccante',		'1994-02-16', 	'Italia', 				'9375000', 	'2025-06-30', 	'15000000', 	'24', 	'',				'Juventus Football Club'),
	('PODA93', 	'Paulo', 		'Dybala', 					'10', 	'sinistro', 	'Attaccante',		'1993-11-15', 	'Argentina', 			'2500000', 	'2025-06-30', 	'40000000', 	'11', 	'',				'Juventus Football Club'),
	('DNVĆ00', 	'Dušan', 		'Vlahović', 				'7', 	'sinistro', 	'Attaccante',		'2000-01-28', 	'Serbia', 				'5313000', 	'2026-06-30', 	'85000000', 	'21', 	'',				'Juventus Football Club'),
	('ÁOMA92', 	'Álvaro', 		'Morata', 					'9', 	'destro', 		'Attaccante',		'1992-10-23', 	'Spagna', 				'1875000', 	'2025-06-30', 	'30000000', 	'24', 	'',				'Juventus Football Club'),
	('MEKN00', 	'Moise', 		'Kean', 					'18', 	'destro', 		'Attaccante',		'2000-02-28', 	'Italia', 				'1750000', 	'2023-06-30', 	'28000000', 	'22', 	'',				'Juventus Football Club'),
	('KOJE02', 	'Kaio', 		'Jorge', 					'21', 	'destro', 		'Attaccante',		'2002-01-24', 	'Brasile', 				'6250000', 	'2026-06-30', 	'10000000', 	'28', 	'',				'Juventus Football Club'),
	('ITRU97', 	'Ionut', 		'Radu', 					'97', 	'destro', 		'Portiere',			'1997-05-28', 	'Romania', 				'2500000', 	'2024-06-30', 	'4000000', 		'6', 	'',				'Football Club Internazionale Milano'),
	('SRHC84', 	'Samir', 		'Handanovic', 				'1', 	'destro', 		'Portiere',			'1984-07-14', 	'Slovenia', 			'1563000', 	'2025-06-30', 	'2500000', 		'5', 	'',				'Football Club Internazionale Milano'),
	('AXCZ83', 	'Alex', 		'Cordaz', 					'21', 	'destro', 		'Portiere',			'1983-01-01', 	'Italia', 				'2500000', 	'2025-06-30', 	'400000', 		'11', 	'',				'Football Club Internazionale Milano'),
	('MNSR95', 	'Milan', 		'Skriniar', 				'37', 	'destro', 		'Difensore',		'1995-02-11', 	'Slovacchia', 			'4063000', 	'2023-06-30', 	'65000000', 	'29', 	'',				'Football Club Internazionale Milano'),
	('AOBI99', 	'Alessandro', 	'Bastoni', 					'95', 	'sinistro', 	'Difensore',		'1999-04-13', 	'Italia', 				'3750000', 	'2024-06-30', 	'60000000', 	'16', 	'',				'Football Club Internazionale Milano'),
	('SNDJ92', 	'Stefan', 		'De Vrij', 					'6', 	'destro', 		'Difensore',		'1992-02-05', 	'Olanda', 				'2188000', 	'2023-06-30', 	'35000000', 	'30', 	'',				'Football Club Internazionale Milano'),
	('AARA88', 	'Andrea', 		'Ranocchia', 				'13', 	'destro', 		'Difensore',		'1988-02-16', 	'Italia', 				'6250000', 	'2025-06-30', 	'1000000', 		'30', 	'',				'Football Club Internazionale Milano'),
	('FODO97', 	'Federico', 	'Dimarco', 					'32', 	'sinistro', 	'Difensore',		'1997-11-10', 	'Italia', 				'1000000', 	'2026-06-30', 	'16000000', 	'12', 	'',				'Football Club Internazionale Milano'),
	('ARKV85', 	'Aleksandar', 	'Kolarov', 					'11', 	'sinistro', 	'Difensore',		'1985-11-10', 	'Serbia', 				'6250000', 	'2025-06-30', 	'1000000', 		'16', 	'',				'Football Club Internazionale Milano'),
	('MODN89', 	'Matteo', 		'Darmian', 					'36', 	'destro', 		'Difensore',		'1989-12-02', 	'Italia', 				'4375000', 	'2023-06-30', 	'7000000', 		'30', 	'',				'Football Club Internazionale Milano'),
	('DODO88', 	'Danilo', 		'DAmbrosio', 				'33', 	'destro', 		'Difensore',		'1988-09-09', 	'Italia', 				'2188000', 	'2025-06-30', 	'3500000', 		'16', 	'',				'Football Club Internazionale Milano'),
	('MOBĆ92', 	'Marcelo', 		'Brozović', 				'77', 	'entrambi', 	'Centrocampista',	'1992-11-16', 	'Croazia', 				'2500000', 	'2026-06-30', 	'40000000', 	'9', 	'',				'Football Club Internazionale Milano'),
	('NÒBA97', 	'Nicolò', 		'Barella', 					'23', 	'destro', 		'Centrocampista',	'1997-02-07', 	'Italia', 				'4375000', 	'2026-06-30', 	'70000000', 	'7', 	'',				'Football Club Internazionale Milano'),
	('HNCU94', 	'Hakan', 		'Calhanoglu', 				'20', 	'destro', 		'Centrocampista',	'1994-02-08', 	'Turchia', 				'2188000', 	'2024-06-30', 	'35000000', 	'22', 	'',				'Football Club Internazionale Milano'),
	('ROGI94', 	'Roberto', 		'Gagliardini', 				'5', 	'destro', 		'Centrocampista',	'1994-04-07', 	'Italia', 				'6250000', 	'2023-06-30', 	'10000000', 	'24', 	'',				'Football Club Internazionale Milano'),
	('MSVO91', 	'Matías', 		'Vecino', 					'8', 	'destro', 		'Centrocampista',	'1991-08-24', 	'Uruguay', 				'3125000', 	'2025-06-30', 	'5000000', 		'22', 	'',				'Football Club Internazionale Milano'),
	('AOVL87', 	'Arturo', 		'Vidal', 					'22', 	'destro', 		'Centrocampista',	'1987-05-22', 	'Cile', 				'1563000', 	'2023-06-30', 	'2500000', 		'15', 	'',				'Football Club Internazionale Milano'),
	('DLDS96', 	'Denzel', 		'Dumfries', 				'2', 	'destro', 		'Centrocampista',	'1996-04-18', 	'Olanda', 				'1250000',	'2025-06-30', 	'20000000', 	'30', 	'',				'Football Club Internazionale Milano'),
	('RNGS94', 	'Robin', 		'Gosens', 					'18', 	'sinistro', 	'Centrocampista',	'1994-07-05', 	'Germania', 			'2188000', 	'2023-06-30', 	'35000000', 	'23', 	'',				'Football Club Internazionale Milano'),
	('INPC89', 	'Ivan', 		'Perisic', 					'14', 	'entrambi', 	'Centrocampista',	'1989-02-02', 	'Croazia', 				'6250000', 	'2025-06-30', 	'10000000', 	'11', 	'',				'Football Club Internazionale Milano'),
	('JNCA94', 	'Joaquín', 		'Correa', 					'19', 	'destro', 		'Attaccante',		'1994-08-13', 	'Argentina', 			'1625000', 	'2025-06-30', 	'26000000', 	'19', 	'',				'Football Club Internazionale Milano'),
	('LOMZ97', 	'Lautaro', 		'Martínez', 				'10', 	'destro', 		'Attaccante',		'1997-08-22', 	'Argentina', 			'4375000', 	'2026-06-30', 	'70000000', 	'15', 	'',				'Football Club Internazionale Milano'),
	('ENDO86', 	'Edin', 		'Dzeko', 					'9', 	'destro', 		'Attaccante',		'1986-03-17', 	'Bosnia-Erzegovina', 	'2500000', 	'2023-06-30', 	'4000000', 		'25', 	'',				'Football Club Internazionale Milano'),
	('ASSZ88', 	'Alexis', 		'Sánchez', 					'7', 	'destro', 		'Attaccante',		'1988-12-19', 	'Cile', 				'2188000', 	'2023-06-30', 	'3500000', 		'29', 	'',				'Football Club Internazionale Milano'),
	('FECO88', 	'Felipe', 		'Caicedo', 					'88', 	'sinistro', 	'Attaccante',		'1988-09-05', 	'Ecuador', 				'1563000', 	'2025-06-30', 	'2500000', 		'27', 	'',				'Football Club Internazionale Milano'),
	('MEMN95', 	'Mike', 		'Maignan', 					'16', 	'destro', 		'Portiere',			'1995-07-03', 	'Francia', 				'1563000', 	'2026-06-30', 	'25000000', 	'23', 	'',				'Associazione Calcio Milan'),
	('CNTU86', 	'Ciprian', 		'Tatarusanu', 				'1', 	'destro', 		'Portiere',			'1986-02-09', 	'Romania', 				'3750000', 	'2023-06-30', 	'600000', 		'5', 	'',				'Associazione Calcio Milan'),
	('AOME83', 	'Antonio', 		'Mirante', 					'83', 	'destro', 		'Portiere',			'1983-07-08', 	'Italia', 				'3125000', 	'2025-06-30', 	'500000', 		'10', 	'',				'Associazione Calcio Milan'),
	('FOTI97', 	'Fikayo', 		'Tomori', 					'23', 	'destro', 		'Difensore',		'1997-12-19', 	'Inghilterra', 			'2813000', 	'2025-06-30', 	'45000000', 	'6', 	'',				'Associazione Calcio Milan'),
	('AORI95', 	'Alessio', 		'Romagnoli', 				'13', 	'sinistro', 	'Difensore',		'1995-01-12', 	'Italia', 				'1250000',	'2025-06-30', 	'20000000', 	'18', 	'',				'Associazione Calcio Milan'),
	('PEKU00', 	'Pierre', 		'Kalulu', 					'20', 	'destro', 		'Difensore',		'2000-06-05', 	'Francia', 				'1063000',	'2025-06-30', 	'17000000', 	'29', 	'',				'Associazione Calcio Milan'),
	('SNKR89', 	'Simon', 		'Kjaer', 					'24', 	'destro', 		'Difensore',		'1989-03-26', 	'Danimarca', 			'5000000', 	'2024-06-30', 	'8000000', 		'23', 	'',				'Associazione Calcio Milan'),
	('MOGA99', 	'Matteo', 		'Gabbia', 					'46', 	'destro', 		'Difensore',		'1999-10-21', 	'Italia', 				'4375000', 	'2026-06-30', 	'7000000', 		'24', 	'',				'Associazione Calcio Milan'),
	('TOHZ97', 	'Theo', 		'Hernández', 				'19', 	'sinistro', 	'Difensore',		'1997-10-06', 	'Francia', 				'3000000', 	'2026-06-30', 	'48000000', 	'12', 	'',				'Associazione Calcio Milan'),
	('FÉBÉ97', 	'Fodé', 		'Ballo-Touré', 				'5', 	'sinistro', 	'Difensore',		'1997-01-03', 	'Senegal', 				'3125000', 	'2025-06-30', 	'5000000', 		'10', 	'',				'Associazione Calcio Milan'),
	('DECA96', 	'Davide', 		'Calabria', 				'2', 	'destro', 		'Difensore',		'1996-12-06', 	'Italia', 				'1563000', 	'2025-06-30', 	'25000000', 	'7', 	'',				'Associazione Calcio Milan'),
	('AOFI91', 	'Alessandro', 	'Florenzi', 				'25', 	'destro', 		'Difensore',		'1991-03-11', 	'Italia', 				'4375000', 	'2025-06-30', 	'7000000', 		'14', 	'',				'Associazione Calcio Milan'),
	('SOTI00', 	'Sandro', 		'Tonali', 					'8', 	'destro', 		'Centrocampista',	'2000-05-08', 	'Italia', 				'2500000', 	'2026-06-30', 	'40000000', 	'6', 	'',				'Associazione Calcio Milan'),
	('ILBR97', 	'Ismaël', 		'Bennacer', 				'4', 	'sinistro', 	'Centrocampista',	'1997-12-01', 	'Algeria', 				'1875000', 	'2024-06-30', 	'30000000', 	'12', 	'',				'Associazione Calcio Milan'),
	('TÉBO94', 	'Tiemoué', 		'Bakayoko', 				'41', 	'destro', 		'Centrocampista',	'1994-08-17', 	'Francia', 				'8125000', 	'2023-06-30', 	'13000000', 	'8', 	'',				'Associazione Calcio Milan'),
	('FKKÉ96', 	'Franck', 		'Kessié', 					'79', 	'destro', 		'Centrocampista',	'1996-12-19', 	'Costa dAvorio', 		'2813000', 	'2025-06-30', 	'45000000', 	'20', 	'',				'Associazione Calcio Milan'),
	('REKC93', 	'Rade', 		'Krunic', 					'33', 	'destro', 		'Centrocampista',	'1993-10-07', 	'Bosnia-Erzegovina', 	'4688000', 	'2024-06-30', 	'7500000', 		'31', 	'',				'Associazione Calcio Milan'),
	('BMDZ99', 	'Brahim', 		'Díaz', 					'10', 	'entrambi', 	'Centrocampista',	'1999-08-03', 	'Spagna', 				'1375000', 	'2023-06-30', 	'22000000', 	'24', 	'',				'Associazione Calcio Milan'),
	('DLMI01', 	'Daniel', 		'Maldini', 					'27', 	'destro', 		'Centrocampista',	'2001-10-11', 	'Italia', 				'1250000', 	'2024-06-30', 	'2000000', 		'22', 	'',				'Associazione Calcio Milan'),
	('RLLO99', 	'Rafael', 		'Leão',	 					'17', 	'destro', 		'Attaccante',		'1999-06-10', 	'Portogallo', 			'3125000', 	'2024-06-30', 	'50000000', 	'18', 	'',				'Associazione Calcio Milan'),
	('AERC93', 	'Ante', 		'Rebic', 					'12', 	'destro', 		'Attaccante',		'1993-09-21', 	'Croazia', 				'1375000', 	'2025-06-30', 	'22000000', 	'21', 	'',				'Associazione Calcio Milan'),
	('ASSS99', 	'Alexis', 		'Saelemaekers', 			'56', 	'destro', 		'Attaccante',		'1999-06-27', 	'Belgio', 				'1250000', 	'2026-06-30', 	'20000000', 	'6', 	'',				'Associazione Calcio Milan'),
	('JRMS91', 	'Junior', 		'Messias', 					'30', 	'sinistro', 	'Attaccante',		'1991-05-13', 	'Brasile', 				'4063000', 	'2025-06-30', 	'6500000', 		'9', 	'',				'Associazione Calcio Milan'),
	('SUCO95', 	'Samu', 		'Castillejo', 				'7', 	'sinistro', 	'Attaccante',		'1995-01-18', 	'Spagna', 				'2813000', 	'2023-06-30', 	'4500000', 		'25', 	'',				'Associazione Calcio Milan'),
	('ZNIC81', 	'Zlatan', 		'Ibrahimovic', 				'11', 	'entrambi', 	'Attaccante',		'1981-10-03', 	'Svezia', 				'2500000', 	'2025-06-30', 	'4000000', 		'21', 	'',				'Associazione Calcio Milan'),
	('DNHN97', 	'Dean', 		'Henderson', 				'26', 	'destro', 		'Portiere',			'1997-03-12', 	'Inghilterra', 			'1125000', 	'2025-06-30', 	'18000000', 	'23', 	'',				'Manchester United Football Club'),
	('DDDA90', 	'David', 		'De Gea', 					'1', 	'destro', 		'Portiere',			'1990-11-07', 	'Spagna', 				'9375000',	'2023-06-30', 	'15000000', 	'19', 	'',				'Manchester United Football Club'),
	('TMHN86', 	'Tom', 			'Heaton', 					'22', 	'destro', 		'Portiere',			'1986-04-15', 	'Inghilterra', 			'6250000', 	'2023-06-30', 	'1000000', 		'28', 	'',				'Manchester United Football Club'),
	('LEGT83', 	'Lee', 			'Grant', 					'13', 	'destro', 		'Portiere',			'1983-01-27', 	'Inghilterra', 			'1563000', 	'2025-06-30', 	'250000', 		'18',	'', 			'Manchester United Football Club'),
	('RLVE93', 	'Raphaël', 		'Varane', 					'19', 	'destro', 		'Difensore',		'1993-04-25', 	'Francia', 				'3750000', 	'2025-06-30', 	'60000000', 	'18',	'', 			'Manchester United Football Club'),
	('HYME93', 	'Harry', 		'Maguire', 					'5', 	'destro', 		'Difensore',		'1993-03-05', 	'Inghilterra', 			'2500000', 	'2025-06-30', 	'40000000', 	'30',	'', 			'Manchester United Football Club'),
	('VRLF94', 	'Victor', 		'Lindelöf', 				'2', 	'destro', 		'Difensore',		'1994-07-17', 	'Svezia', 				'1500000', 	'2024-06-30', 	'24000000', 	'24',	'',				'Manchester United Football Club'),
	('ECBY94', 	'Eric', 		'Bailly', 					'3', 	'destro', 		'Difensore',		'1994-04-12', 	'Costa dAvorio', 		'5000000', 	'2024-06-30', 	'8000000', 		'14',	'', 			'Manchester United Football Club'),
	('PLJS92', 	'Phil', 		'Jones', 					'4', 	'destro', 		'Difensore',		'1992-02-21', 	'Inghilterra', 			'2500000', 	'2023-06-30', 	'4000000', 		'14', 	'',				'Manchester United Football Club'),
	('LESW95', 	'Luke', 		'Shaw', 					'23', 	'sinistro', 	'Difensore',		'1995-07-12', 	'Inghilterra', 			'2625000', 	'2023-06-30', 	'42000000', 	'12', 	'',				'Manchester United Football Club'),
	('AXTS92', 	'Alex', 		'Telles', 					'27', 	'sinistro', 	'Difensore',		'1992-12-15', 	'Brasile', 				'1125000', 	'2024-06-30', 	'18000000', 	'28', 	'',				'Manchester United Football Club'),
	('ANWA97', 	'Aaron', 		'Wan-Bissaka', 				'29', 	'destro', 		'Difensore',		'1997-11-26', 	'Inghilterra', 			'1875000', 	'2024-06-30', 	'30000000', 	'24',	'',				'Manchester United Football Club'),
	('DODT99', 	'Diogo', 		'Dalot', 					'20', 	'destro', 		'Difensore',		'1999-03-18', 	'Portogallo', 			'1125000', 	'2023-06-30', 	'18000000', 	'26', 	'',				'Manchester United Football Club'),
	('STMY96', 	'Scott', 		'McTominay', 				'39', 	'destro', 		'Centrocampista',	'1996-12-08', 	'Scozia', 				'2188000', 	'2025-06-30', 	'35000000', 	'21', 	'',				'Manchester United Football Club'),
	('NAMĆ88', 	'Nemanja', 		'Matić', 					'31', 	'sinistro', 	'Centrocampista',	'1988-08-01', 	'Serbia', 				'3750000', 	'2023-06-30', 	'6000000', 		'23', 	'',				'Manchester United Football Club'),
	('PLPA93', 	'Paul', 		'Pogba', 					'6', 	'entrambi', 	'Centrocampista',	'1993-03-15', 	'Francia', 				'3438000', 	'2025-06-30', 	'55000000', 	'17', 	'',				'Manchester United Football Club'),
	('FDRS93', 	'Fred', 		'Rodrigues', 				'17', 	'sinistro', 	'Centrocampista',	'1993-03-05', 	'Brasile', 				'1375000', 	'2023-06-30', 	'22000000', 	'25', 	'',				'Manchester United Football Club'),
	('BOFS94', 	'Bruno', 		'Fernandes', 				'18', 	'destro', 		'Centrocampista',	'1994-09-08', 	'Portogallo', 			'5625000', 	'2026-06-30', 	'90000000', 	'14', 	'',				'Manchester United Football Club'),
	('JELD92', 	'Jesse', 		'Lingard', 					'14', 	'destro', 		'Centrocampista',	'1992-12-15', 	'Inghilterra', 			'1250000', 	'2025-06-30', 	'20000000', 	'30', 	'',				'Manchester United Football Club'),
	('JNMA88', 	'Juan', 		'Mata', 					'8', 	'sinistro', 	'Centrocampista',	'1988-04-28', 	'Spagna', 				'1875000', 	'2025-06-30', 	'3000000', 		'13', 	'',				'Manchester United Football Club'),
	('JNSO00', 	'Jadon', 		'Sancho', 					'25', 	'destro', 		'Attaccante',		'2000-03-25', 	'Inghilterra', 			'5000000', 	'2026-06-30', 	'80000000', 	'26', 	'',				'Manchester United Football Club'),
	('MSRD97', 	'Marcus', 		'Rashford', 				'10', 	'destro', 		'Attaccante',		'1997-10-31', 	'Inghilterra', 			'4375000', 	'2023-06-30', 	'70000000', 	'26', 	'',				'Manchester United Football Club'),
	('AYEA02', 	'Anthony', 		'Elanga', 					'36', 	'destro', 		'Attaccante',		'2002-04-27', 	'Svezia', 				'9375000', 	'2026-06-30', 	'15000000', 	'11', 	'',				'Manchester United Football Club'),
	('MNGD01', 	'Mason', 		'Greenwood', 				'11', 	'entrambi', 	'Attaccante',		'2001-10-01', 	'Inghilterra', 			'1375000', 	'2025-06-30', 	'22000000', 	'24', 	'',				'Manchester United Football Club'),
	('CORO85', 	'Cristiano', 	'Ronaldo', 					'7', 	'destro', 		'Attaccante',		'1985-02-05', 	'Portogallo', 			'2188000', 	'2023-06-30', 	'35000000', 	'28', 	'Nike',			'Manchester United Football Club'),
	('EDMY92', 	'Edouard', 		'Mendy', 					'16', 	'destro', 		'Portiere',			'1992-03-01', 	'Senegal', 				'2000000', 	'2025-06-30', 	'32000000', 	'8', 	'',				'Chelsea Football Club'),
	('KAAA94', 	'Kepa', 		'Arrizabalaga', 			'1', 	'destro', 		'Portiere',			'1994-10-03', 	'Spagna', 				'6250000', 	'2025-06-30', 	'10000000', 	'31', 	'',				'Chelsea Football Club'),
	('MSBI92', 	'Marcus', 		'Bettinelli', 				'13', 	'destro', 		'Portiere',			'1992-05-24', 	'Inghilterra', 			'1563000', 	'2023-06-30', 	'2500000', 		'22', 	'',				'Chelsea Football Club'),
	('AORR93', 	'Antonio', 		'Rüdiger', 					'2', 	'destro', 		'Difensore',		'1993-03-03', 	'Germania', 			'2188000', 	'2025-06-30', 	'35000000', 	'16', 	'',				'Chelsea Football Club'),
	('ASCN96', 	'Andreas', 		'Christensen', 				'4', 	'destro', 		'Difensore',		'1996-04-10', 	'Danimarca', 			'2188000', 	'2025-06-30', 	'35000000', 	'10',	'', 			'Chelsea Football Club'),
	('THCH99', 	'Trevoh', 		'Chalobah', 				'14', 	'destro', 		'Difensore',		'1999-07-05', 	'Inghilterra', 			'1250000', 	'2026-06-30', 	'20000000', 	'10', 	'',				'Chelsea Football Club'),
	('MGSR99', 	'Malang', 		'Sarr', 					'31', 	'sinistro', 	'Difensore',		'1999-01-23', 	'Francia', 				'5000000', 	'2025-06-30', 	'8000000', 		'9', 	'',				'Chelsea Football Club'),
	('TOSA84', 	'Thiago', 		'Silva', 					'6', 	'destro', 		'Difensore',		'1984-09-22', 	'Brasile', 				'1563000',	'2023-06-30', 	'2500000', 		'16', 	'',				'Chelsea Football Club'),
	('BNCL96', 	'Ben', 			'Chilwell', 				'21', 	'sinistro', 	'Difensore',		'1996-12-21', 	'Inghilterra', 			'2375000',	'2025-06-30', 	'38000000', 	'23', 	'',				'Chelsea Football Club'),
	('MSAO90', 	'Marcos', 		'Alonso', 					'3', 	'sinistro', 	'Difensore',		'1990-12-28', 	'Spagna', 				'9375000', 	'2023-06-30', 	'15000000', 	'20', 	'',				'Chelsea Football Club'),
	('REJS99', 	'Reece', 		'James', 					'24', 	'destro', 		'Difensore',		'1999-12-08', 	'Inghilterra', 			'3438000', 	'2025-06-30', 	'55000000', 	'30', 	'',				'Chelsea Football Club'),
	('CRAA89', 	'César', 		'Azpilicueta', 				'28',	'destro', 		'Difensore',		'1989-08-28', 	'Spagna', 				'6875000', 	'2023-06-30', 	'11000000', 	'11', 	'',				'Chelsea Football Club'),
	('NOKÉ91', 	'NGolo', 		'Kanté', 					'7', 	'destro', 		'Centrocampista',	'1991-03-29', 	'Francia', 				'3125000', 	'2023-06-30', 	'50000000', 	'28', 	'Adidas',		'Chelsea Football Club'),
	('JOFO91', 	'Jorginho', 	'Frello', 					'5', 	'destro', 		'Centrocampista',	'1991-12-20', 	'Italia', 				'2813000', 	'2023-06-30', 	'45000000', 	'26', 	'',				'Chelsea Football Club'),
	('MOKC94', 	'Mateo', 		'Kovacic', 					'8', 	'destro', 		'Centrocampista',	'1994-05-06', 	'Croazia', 				'2813000', 	'2024-06-30', 	'45000000', 	'31', 	'',				'Chelsea Football Club'),
	('SLÑZ94', 	'Saúl', 		'Ñíguez', 					'17', 	'sinistro', 	'Centrocampista',	'1994-11-21', 	'Spagna', 				'1750000', 	'2025-06-30', 	'28000000', 	'27', 	'',				'Chelsea Football Club'),
	('RNLK96', 	'Ruben', 		'Loftus-Cheek', 			'12', 	'destro', 		'Centrocampista',	'1996-01-23', 	'Inghilterra', 			'1250000', 	'2024-06-30', 	'20000000', 	'5', 	'',				'Chelsea Football Club'),
	('RSBY93', 	'Ross', 		'Barkley', 					'18', 	'destro', 		'Centrocampista',	'1993-12-05', 	'Inghilterra', 			'8125000', 	'2023-06-30', 	'13000000', 	'23', 	'',				'Chelsea Football Club'),
	('KYNO96', 	'Kenedy', 		'Nunes Do Nascimento', 		'23', 	'sinistro', 	'Centrocampista',	'1996-02-08', 	'Brasile', 				'4375000', 	'2023-06-30', 	'7000000', 		'11', 	'',				'Chelsea Football Club'),
	('MNMT99', 	'Mason', 		'Mount', 					'19', 	'destro', 		'Centrocampista',	'1999-01-10', 	'Inghilterra', 			'4688000', 	'2024-06-30', 	'75000000', 	'19', 	'',				'Chelsea Football Club'),
	('KIHZ99', 	'Kai', 			'Havertz', 					'29', 	'sinistro', 	'Attaccante',		'1999-06-11', 	'Germania', 			'4375000', 	'2025-06-30', 	'70000000', 	'10', 	'',				'Chelsea Football Club'),
	('HMZH93', 	'Hakim', 		'Ziyech', 					'22', 	'sinistro', 	'Attaccante',		'1993-03-19', 	'Marocco', 				'2000000', 	'2025-06-30', 	'32000000', 	'27',	'',				'Chelsea Football Club'),
	('CYMA96', 	'Charly', 		'Musonda', 					'98', 	'destro', 		'Attaccante',		'1996-10-15', 	'Belgio', 				'6250000', 	'2025-06-30', 	'1000000', 		'12', 	'',				'Chelsea Football Club'),
	('CNPC98', 	'Christian', 	'Pulisic', 					'10', 	'destro', 		'Attaccante',		'1998-09-18', 	'Stati Uniti', 			'2813000', 	'2024-06-30', 	'45000000', 	'6', 	'',				'Chelsea Football Club'),
	('CMHI00', 	'Callum', 		'Hudson-Odoi', 				'20', 	'destro', 		'Attaccante',		'2000-11-07', 	'Inghilterra', 			'1875000', 	'2024-06-30', 	'30000000', 	'28', 	'',				'Chelsea Football Club'),
	('RULU93', 	'Romelu', 		'Lukaku', 					'9', 	'sinistro', 	'Attaccante',		'1993-05-13', 	'Belgio', 				'5313000', 	'2026-06-30', 	'85000000', 	'14', 	'',				'Chelsea Football Club'),
	('TOWR96', 	'Timo', 		'Werner', 					'11', 	'destro', 		'Attaccante',		'1996-03-06', 	'Germania', 			'2625000', 	'2025-06-30', 	'42000000', 	'18', 	'',				'Chelsea Football Club'),
	('ANRE98', 	'Aaron', 		'Ramsdale', 				'32', 	'destro', 		'Portiere',			'1998-05-14', 	'Inghilterra', 			'1563000', 	'2025-06-30', 	'25000000', 	'20', 	'Under Armour', 'Arsenal Football Club'),
	('BDLO92', 	'Bernd', 		'Leno', 					'1', 	'destro', 		'Portiere',			'1992-03-04', 	'Germania', 			'6250000',	'2023-06-30', 	'10000000', 	'19', 	'',				'Arsenal Football Club'),
	('BNWE97', 	'Ben', 			'White', 					'4', 	'destro', 		'Difensore',		'1997-10-08', 	'Inghilterra', 			'2500000', 	'2026-06-30', 	'40000000', 	'29', 	'',				'Arsenal Football Club'),
	('GLMS97',	'Gabriel', 		'Moraes', 					'6', 	'sinistro', 	'Difensore',		'1997-12-19', 	'Brasile', 				'1875000', 	'2025-06-30', 	'30000000', 	'15', 	'',				'Arsenal Football Club'),
	('RBHG95', 	'Rob', 			'Holding', 					'16', 	'destro', 		'Difensore',		'1995-09-20', 	'Inghilterra', 			'6250000', 	'2024-06-30', 	'10000000', 	'30', 	'',				'Arsenal Football Club'),
	('KNTY97', 	'Kieran', 		'Tierney', 					'3', 	'sinistro', 	'Difensore',		'1997-06-05', 	'Scozia', 				'2000000', 	'2026-06-30', 	'32000000', 	'12', 	'',				'Arsenal Football Club'),
	('NOTS00', 	'Nuno', 		'Tavares', 					'20', 	'sinistro', 	'Difensore',		'2000-01-26', 	'Portogallo', 			'8125000', 	'2025-06-30', 	'13000000', 	'10', 	'',				'Arsenal Football Club'),
	('TOTU98', 	'Takehiro', 	'Tomiyasu', 				'18', 	'destro', 		'Difensore',		'1998-11-05', 	'Giappone', 			'1563000', 	'2025-06-30', 	'25000000', 	'12', 	'',				'Arsenal Football Club'),
	('CCSS91', 	'Cédric', 		'Soares', 					'17', 	'destro', 		'Difensore',		'1991-08-31', 	'Portogallo', 			'3125000', 	'2024-06-30', 	'5000000', 		'12', 	'',				'Arsenal Football Club'),
	('TSPY93', 	'Thomas', 		'Partey', 					'5', 	'destro', 		'Centrocampista',	'1993-06-13', 	'Ghana', 				'2500000', 	'2025-06-30', 	'40000000', 	'19', 	'',				'Arsenal Football Club'),
	('GTXA92', 	'Granit', 		'Xhaka', 					'34', 	'sinistro', 	'Centrocampista',	'1992-09-27', 	'Svizzera', 			'1250000', 	'2024-06-30', 	'20000000', 	'21', 	'',				'Arsenal Football Club'),
	('MDEY92', 	'Mohamed', 		'Elneny', 					'25', 	'destro', 		'Centrocampista',	'1992-07-11', 	'Egitto', 				'5625000', 	'2025-06-30', 	'9000000', 		'7', 	'',				'Arsenal Football Club'),
	('ATSA99', 	'Albert', 		'Sambi Lokonga', 			'23', 	'destro', 		'Centrocampista',	'1999-10-22', 	'Belgio', 				'1000000', 	'2026-06-30', 	'16000000', 	'12', 	'',				'Arsenal Football Club'),
	('BOSA01', 	'Bukayo', 		'Saka', 					'7', 	'sinistro', 	'Centrocampista',	'2001-09-05', 	'Inghilterra', 			'4063000', 	'2024-06-30', 	'65000000', 	'29', 	'',				'Arsenal Football Club'),
	('MNØD98', 	'Martin', 		'Ødegaard', 				'8', 	'sinistro', 	'Centrocampista',	'1998-12-17', 	'Norvegia', 			'2625000', 	'2025-06-30', 	'42000000', 	'9', 	'',				'Arsenal Football Club'),
	('EESE00', 	'Emile', 		'Smith Rowe', 				'10', 	'destro', 		'Centrocampista',	'2000-09-28', 	'Inghilterra', 			'2500000', 	'2026-06-30', 	'40000000', 	'8', 	'',				'Arsenal Football Club'),
	('GLMI01', 	'Gabriel', 		'Martinelli', 				'35', 	'destro', 		'Attaccante',		'2001-06-18', 	'Brasile', 				'2375000', 	'2024-06-30', 	'38000000', 	'6', 	'',				'Arsenal Football Club'),
	('NSPÉ95', 	'Nicolas', 		'Pépé', 					'19', 	'sinistro', 	'Attaccante',		'1995-05-29', 	'Costa dAvorio', 		'1875000', 	'2024-06-30', 	'30000000', 	'27', 	'',				'Arsenal Football Club'),
	('AELE91', 	'Alexandre', 	'Lacazette', 				'9', 	'destro', 		'Attaccante',		'1991-05-28', 	'Francia', 				'1250000', 	'2025-06-30', 	'20000000', 	'11', 	'',				'Arsenal Football Club'),
	('EENH99', 	'Eddie', 		'Nketiah', 					'30', 	'destro', 		'Attaccante',		'1999-05-30', 	'Inghilterra', 			'6250000', 	'2025-06-30', 	'10000000', 	'21', 	'',				'Arsenal Football Club'),
	('ANBR92', 	'Alisson', 		'Becker', 					'1', 	'destro', 		'Portiere',			'1992-10-02', 	'Brasile', 				'3750000', 	'2027-06-30', 	'60000000', 	'16', 	'',				'Liverpool Football Club'),
	('CNKR98', 	'Caoimhin', 	'Kelleher', 				'62', 	'destro', 		'Portiere',			'1998-11-23', 	'Irlanda', 				'3125000', 	'2026-06-30', 	'5000000', 		'7', 	'',				'Liverpool Football Club'),
	('LSKS93', 	'Loris', 		'Karius', 					'22', 	'destro', 		'Portiere',			'1993-06-22', 	'Germania', 			'9375000', 	'2025-06-30', 	'1500000', 		'21', 	'',				'Liverpool Football Club'),
	('ANSO87', 	'Adrián', 		'San Miguel Del Castillo', 	'13', 	'destro', 		'Portiere',			'1987-01-03', 	'Spagna', 				'6250000', 	'2025-06-30', 	'1000000', 		'28', 	'',				'Liverpool Football Club'),
	('VLVK91',	'Virgil', 		'Van Dijk', 				'4', 	'destro', 		'Difensore',		'1991-07-08', 	'Olanda', 				'3438000', 	'2025-06-30', 	'55000000', 	'9', 	'EA Sports',	'Liverpool Football Club'),
	('IAKÉ99', 	'Ibrahima', 	'Konaté', 					'5', 	'destro', 		'Difensore',		'1999-05-25', 	'Francia', 				'1875000', 	'2026-06-30', 	'30000000', 	'15',	'',				'Liverpool Football Club'),
	('JEGZ97', 	'Joe', 			'Gomez', 					'12', 	'destro', 		'Difensore',		'1997-05-23', 	'Inghilterra', 			'1375000', 	'2024-06-30', 	'22000000', 	'20', 	'',				'Liverpool Football Club'),
	('JLMP91', 	'Joel', 		'Matip', 					'32', 	'destro', 		'Difensore',		'1991-08-08', 	'Camerun', 				'1125000', 	'2024-06-30', 	'18000000', 	'15', 	'',				'Liverpool Football Club'),
	('RSWS01', 	'Rhys', 		'Williams', 				'46', 	'destro', 		'Difensore',		'2001-02-03', 	'Inghilterra', 			'2500000', 	'2026-06-30', 	'4000000', 		'24', 	'',				'Liverpool Football Club'),
	('AWRN94', 	'Andrew', 		'Robertson', 				'26', 	'sinistro', 	'Difensore',		'1994-05-11', 	'Scozia', 				'4063000', 	'2026-06-30', 	'65000000', 	'7', 	'',				'Liverpool Football Club'),
	('KSTS96', 	'Konstantinos', 'Tsimikas', 				'21', 	'sinistro', 	'Difensore',		'1996-05-12', 	'Grecia', 				'6250000', 	'2025-06-30', 	'10000000', 	'11', 	'',				'Liverpool Football Club'),
	('TTAD98', 	'Trent', 		'Alexander-Arnold', 		'66', 	'destro', 		'Difensore',		'1998-10-07', 	'Inghilterra', 			'5000000',	'2025-06-30', 	'80000000', 	'24', 	'',				'Liverpool Football Club'),
	('FOHS93', 	'Fabinho', 		'Henrique Tavares', 		'3', 	'destro', 		'Centrocampista',	'1993-10-23', 	'Brasile', 				'3750000', 	'2026-06-30', 	'60000000', 	'6', 	'',				'Liverpool Football Club'),
	('NYKA95', 	'Naby', 		'Keïta', 					'8', 	'destro', 		'Centrocampista',	'1995-02-10', 	'Guinea', 				'1875000', 	'2023-06-30', 	'30000000', 	'27', 	'',				'Liverpool Football Club'),
	('CSJS01', 	'Curtis', 		'Jones', 					'17', 	'destro', 		'Centrocampista',	'2001-01-30', 	'Inghilterra', 			'1875000', 	'2025-06-30', 	'30000000', 	'19', 	'',				'Liverpool Football Club'),
	('TOAA91', 	'Thiago', 		'Alcantara', 				'6', 	'destro', 		'Centrocampista',	'1991-04-11', 	'Spagna', 				'1375000', 	'2024-06-30', 	'22000000', 	'7', 	'',				'Liverpool Football Club'),
	('JNHN90', 	'Jordan', 		'Henderson', 				'14', 	'destro', 		'Centrocampista',	'1990-06-17', 	'Inghilterra', 			'1125000', 	'2025-06-30', 	'18000000', 	'15', 	'',				'Liverpool Football Club'),
	('AXON93', 	'Alex', 		'Oxlade-Chamberlain', 		'15', 	'destro', 		'Centrocampista',	'1993-08-15', 	'Inghilterra', 			'1125000', 	'2023-06-30', 	'18000000', 	'7', 	'',				'Liverpool Football Club'),
	('JSMR86', 	'James', 		'Milner', 					'7', 	'destro', 		'Centrocampista',	'1986-01-04', 	'Inghilterra', 			'1250000', 	'2025-06-30', 	'2000000', 		'23', 	'',				'Liverpool Football Club'),
	('SOMÉ92', 	'Sadio', 		'Mané', 					'10', 	'destro', 		'Attaccante',		'1992-04-10', 	'Senegal', 				'5000000', 	'2023-06-30', 	'80000000', 	'11', 	'EA Sports',	'Liverpool Football Club'),
	('LSDZ97', 	'Luis', 		'Díaz', 					'23', 	'destro', 		'Attaccante',		'1997-01-13', 	'Colombia', 			'2813000', 	'2027-06-30', 	'45000000', 	'6', 	'',				'Liverpool Football Club'),
	('TIMO95', 	'Takumi', 		'Minamino', 				'18', 	'destro', 		'Attaccante',		'1995-01-16', 	'Giappone', 			'7500000', 	'2024-06-30', 	'12000000', 	'21', 	'',				'Liverpool Football Club'),
	('MDSH92', 	'Mohamed', 		'Salah', 					'11', 	'sinistro', 	'Attaccante',		'1992-06-15', 	'Egitto', 				'6250000', 	'2023-06-30', 	'100000000',	'6', 	'Under Armour', 'Liverpool Football Club'),
	('HYET03', 	'Harvey', 		'Elliott', 					'67', 	'sinistro', 	'Attaccante',		'2003-04-04', 	'Inghilterra', 			'1375000', 	'2026-06-30', 	'22000000', 	'15', 	'',				'Liverpool Football Club'),
	('DOJA96', 	'Diogo', 		'Jota', 					'20', 	'destro', 		'Attaccante',		'1996-12-04', 	'Portogallo', 			'3750000', 	'2025-06-30', 	'60000000', 	'16', 	'',				'Liverpool Football Club'),
	('ROFO91', 	'Roberto', 		'Firmino', 					'9', 	'destro', 		'Attaccante',		'1991-10-02', 	'Brasile', 				'2375000', 	'2023-06-30', 	'38000000', 	'26', 	'',				'Liverpool Football Club'),
	('DKOI95', 	'Divock', 		'Origi', 					'27', 	'destro', 		'Attaccante',		'1995-04-18', 	'Belgio', 				'7500000', 	'2025-06-30', 	'12000000', 	'28', 	'',				'Liverpool Football Club'),
	('MLNR86', 	'Manuel', 		'Neuer', 					'1', 	'destro', 		'Portiere',			'1986-03-27', 	'Germania', 			'8750000', 	'2023-06-30', 	'14000000', 	'24', 	'Adidas',		'Fußball-Club Bayern München'),
	('SNUH88', 	'Sven', 		'Ulreich', 					'26', 	'destro', 		'Portiere',			'1988-08-03', 	'Germania', 			'5625000', 	'2023-06-30', 	'900000', 		'5', 	'',				'Fußball-Club Bayern München'),
	('CNFL00', 	'Christian', 	'Früchtl', 					'36', 	'sinistro', 	'Portiere',			'2000-01-28', 	'Germania', 			'3750000', 	'2023-06-30', 	'600000', 		'21', 	'',				'Fußball-Club Bayern München'),
	('LSHZ96', 	'Lucas', 		'Hernández', 				'21',	'sinistro', 	'Difensore',		'1996-02-14', 	'Francia', 				'3125000', 	'2024-06-30', 	'50000000', 	'30', 	'',				'Fußball-Club Bayern München'),
	('DTUO98', 	'Dayot', 		'Upamecano', 				'2', 	'destro', 		'Difensore',		'1998-10-27', 	'Francia', 				'2813000', 	'2026-06-30', 	'45000000', 	'16', 	'',				'Fußball-Club Bayern München'),
	('NSSE95', 	'Niklas', 		'Süle', 					'4', 	'destro', 		'Difensore',		'1995-09-04', 	'Germania', 			'2188000', 	'2025-06-30', 	'35000000', 	'13', 	'',				'Fußball-Club Bayern München'),
	('TYNU02', 	'Tanguy', 		'Nianzou', 					'23', 	'destro', 		'Difensore',		'2002-06-07', 	'Francia', 				'5625000', 	'2024-06-30', 	'9000000', 		'15', 	'',				'Fußball-Club Bayern München'),
	('AODS00', 	'Alphonso', 	'Davies', 					'19', 	'sinistro', 	'Difensore',		'2000-11-02', 	'Canada', 				'4375000', 	'2025-06-30', 	'70000000', 	'22', 	'Vans',         'Fußball-Club Bayern München'),
	('ORRS98', 	'Omar', 		'Richards', 				'3', 	'sinistro', 	'Difensore',		'1998-02-15', 	'Inghilterra', 			'4375000', 	'2025-06-30', 	'7000000', 		'27', 	'',				'Fußball-Club Bayern München'),
	('BNPD96', 	'Benjamin', 	'Pavard', 					'5', 	'destro', 		'Difensore',		'1996-03-28', 	'Francia', 				'1875000', 	'2024-06-30', 	'30000000', 	'16', 	'',				'Fußball-Club Bayern München'),
	('JPSC00', 	'Josip', 		'Stanisic', 				'44', 	'entrambi', 	'Difensore',		'2000-04-02', 	'Croazia', 				'2500000', 	'2025-06-30', 	'4000000', 		'19', 	'',				'Fußball-Club Bayern München'),
	('BASR92', 	'Bouna', 		'Sarr', 					'20', 	'destro', 		'Difensore',		'1992-01-31', 	'Senegal', 				'1875000', 	'2024-06-30', 	'3000000', 		'14', 	'',				'Fußball-Club Bayern München'),
	('JAKH95', 	'Joshua', 		'Kimmich', 					'6', 	'destro', 		'Centrocampista',	'1995-02-08', 	'Germania', 			'5313000', 	'2025-06-30', 	'85000000', 	'24', 	'EA Sports',	'Fußball-Club Bayern München'),
	('MCRA96', 	'Marc', 		'Roca', 					'22', 	'sinistro', 	'Centrocampista',	'1996-11-26', 	'Spagna', 				'4375000', 	'2025-06-30', 	'7000000', 		'30', 	'',				'Fußball-Club Bayern München'),
	('LNGA95', 	'Leon', 		'Goretzka', 				'8', 	'destro', 		'Centrocampista',	'1995-02-06', 	'Germania', 			'4375000', 	'2026-06-30', 	'70000000', 	'25', 	'',				'Fußball-Club Bayern München'),
	('MLSR94', 	'Marcel', 		'Sabitzer', 				'18', 	'destro', 		'Centrocampista',	'1994-03-17', 	'Austria', 				'1375000', 	'2025-06-30', 	'22000000', 	'15', 	'',				'Fußball-Club Bayern München'),
	('CNTO94', 	'Corentin', 	'Tolisso', 					'24', 	'destro', 		'Centrocampista',	'1994-08-03', 	'Francia', 				'9375000', 	'2025-06-30', 	'15000000', 	'29', 	'',				'Fußball-Club Bayern München'),
	('JLMA03', 	'Jamal', 		'Musiala', 					'42', 	'destro', 		'Centrocampista',	'2003-02-26', 	'Germania', 			'3438000', 	'2026-06-30', 	'55000000', 	'12', 	'Adidas',		'Fußball-Club Bayern München'),
	('PLWR05', 	'Paul', 		'Wanner', 					'14', 	'sinistro', 	'Centrocampista',	'2005-12-23', 	'Germania', 			'1250000', 	'2027-06-30', 	'2000000', 		'23', 	'',				'Fußball-Club Bayern München'),
	('MKTN02', 	'Malik', 		'Tillman', 					'40', 	'destro', 		'Centrocampista',	'2002-05-28', 	'Germania', 			'9375000', 	'2024-06-30', 	'1500000', 		'17', 	'',				'Fußball-Club Bayern München'),
	('LYSÉ96', 	'Leroy', 		'Sané', 					'10', 	'sinistro', 	'Attaccante',		'1996-01-11', 	'Germania', 			'4375000', 	'2025-06-30', 	'70000000', 	'13', 	'',				'Fußball-Club Bayern München'),
	('SEGY95', 	'Serge', 		'Gnabry', 					'7', 	'destro', 		'Attaccante',		'1995-07-14', 	'Germania', 			'4375000', 	'2023-06-30', 	'70000000', 	'20', 	'',				'Fußball-Club Bayern München'),
	('KYCN96', 	'Kingsley', 	'Coman', 					'11', 	'destro', 		'Attaccante',		'1996-06-13', 	'Francia', 				'3750000', 	'2027-06-30', 	'60000000', 	'21', 	'',				'Fußball-Club Bayern München'),
	('TSMR89', 	'Thomas', 		'Müller', 					'25', 	'destro', 		'Attaccante',		'1989-09-13', 	'Germania', 			'1563000', 	'2024-06-30', 	'25000000', 	'23', 	'',				'Fußball-Club Bayern München'),
	('RTLI88', 	'Robert', 		'Lewandowski', 				'9', 	'destro', 		'Attaccante',		'1988-08-21', 	'Polonia', 				'3125000', 	'2023-06-30', 	'50000000', 	'13', 	'Nike',			'Fußball-Club Bayern München'),
	('ECMG89', 	'Eric', 		'Maxim Choupo-Moting', 		'13', 	'destro', 		'Attaccante',		'1989-03-23', 	'Camerun', 				'2188000', 	'2023-06-30', 	'3500000', 		'22', 	'',				'Fußball-Club Bayern München'),
	('GIDA99', 	'Gianluigi', 	'Donnarumma', 				'50', 	'destro', 		'Portiere',			'1999-02-25', 	'Italia', 				'4063000', 	'2026-06-30', 	'65000000', 	'27', 	'',				'Paris Saint-Germain'),
	('KRNS86', 	'Keylor', 		'Navas', 					'1', 	'destro', 		'Portiere',			'1986-12-15', 	'Costarica', 			'6250000', 	'2024-06-30', 	'10000000', 	'14', 	'',				'Paris Saint-Germain'),
	('AELR90', 	'Alexandre', 	'Letellier', 				'60', 	'destro', 		'Portiere',			'1990-12-11', 	'Francia', 				'2500000', 	'2025-06-30', 	'400000', 		'17', 	'',				'Paris Saint-Germain'),
	('DSFI02', 	'Denis', 		'Franchi', 					'40', 	'destro', 		'Portiere',			'2002-10-22', 	'Italia', 				'1563000', 	'2023-06-30', 	'250000', 		'5', 	'',				'Paris Saint-Germain'),
	('MSAS94', 	'Marquinhos', 	'Aoás', 					'5', 	'destro', 		'Difensore',		'1994-05-14', 	'Brasile', 				'4688000', 	'2024-06-30', 	'75000000', 	'25', 	'',				'Paris Saint-Germain'),
	('PLKE95', 	'Presnel', 		'Kimpembe', 				'3', 	'sinistro', 	'Difensore',		'1995-08-13', 	'Francia', 				'2500000', 	'2024-06-30', 	'40000000', 	'29', 	'',				'Paris Saint-Germain'),
	('TOKR96', 	'Thilo', 		'Kehrer', 					'24', 	'destro', 		'Difensore',		'1996-09-21', 	'Germania', 			'1563000', 	'2023-06-30', 	'25000000', 	'27', 	'',				'Paris Saint-Germain'),
	('SORS86', 	'Sergio', 		'Ramos', 					'4', 	'destro', 		'Difensore',		'1986-03-30', 	'Spagna', 				'5000000', 	'2023-06-30', 	'8000000', 		'11', 	'',				'Paris Saint-Germain'),
	('NOMS02', 	'Nuno', 		'Mendes', 					'25', 	'sinistro', 	'Difensore',		'2002-06-19', 	'Portogallo', 			'2500000', 	'2025-06-30', 	'40000000', 	'27', 	'',				'Paris Saint-Germain'),
	('AUDO96', 	'Abdou', 		'Diallo', 					'22', 	'sinistro', 	'Difensore',		'1996-05-04', 	'Senegal', 				'1375000', 	'2024-06-30', 	'22000000', 	'21', 	'',				'Paris Saint-Germain'),
	('JNBT93', 	'Juan', 		'Bernat', 					'14', 	'sinistro', 	'Difensore',		'1993-03-01', 	'Spagna', 				'7500000', 	'2025-06-30', 	'12000000', 	'17', 	'',				'Paris Saint-Germain'),
	('LNKA92', 	'Layvin', 		'Kurzawa', 					'20', 	'sinistro', 	'Difensore',		'1992-09-04', 	'Francia', 				'3750000', 	'2024-06-30', 	'6000000', 		'27', 	'',				'Paris Saint-Germain'),
	('AFHI98', 	'Achraf', 		'Hakimi', 					'2', 	'destro', 		'Difensore',		'1998-11-04', 	'Marocco', 				'4375000', 	'2026-06-30', 	'70000000', 	'10', 	'',				'Paris Saint-Germain'),
	('CNDA98', 	'Colin', 		'Dagba', 					'17', 	'destro', 		'Difensore',		'1998-09-09', 	'Francia', 				'5000000', 	'2024-06-30', 	'8000000', 		'13', 	'',				'Paris Saint-Germain'),
	('NNBA02', 	'Nathan', 		'Bitumazala', 				'39', 	'destro', 		'Difensore',		'2002-12-10', 	'Francia', 				'1875000', 	'2023-06-30', 	'300000', 		'16', 	'',				'Paris Saint-Germain'),
	('LOPS94', 	'Leandro', 		'Paredes', 					'8', 	'destro', 		'Centrocampista',	'1994-06-29', 	'Argentina', 			'1250000', 	'2023-06-30', 	'20000000', 	'13', 	'',				'Paris Saint-Germain'),
	('DOPA91', 	'Danilo', 		'Pereira', 					'15', 	'destro', 		'Centrocampista',	'1991-09-09', 	'Portogallo', 			'8750000', 	'2025-06-30', 	'14000000', 	'5', 	'',				'Paris Saint-Germain'),
	('IAGE89', 	'Idrissa', 		'Gueye', 					'27', 	'destro', 		'Centrocampista',	'1989-09-26', 	'Senegal', 				'8125000', 	'2023-06-30', 	'13000000', 	'23', 	'',				'Paris Saint-Germain'),
	('AEAA02', 	'Anfane', 		'Ahamada', 					'41', 	'destro', 		'Centrocampista',	'2002-05-07', 	'Comore', 				'6000', 	'2023-06-30',	'100000', 		'16', 	'',				'Paris Saint-Germain'),
	('MOVI92', 	'Marco', 		'Verratti', 				'6', 	'destro', 		'Centrocampista',	'1992-11-05', 	'Italia', 				'3438000', 	'2024-06-30', 	'55000000', 	'25', 	'Vans',         'Paris Saint-Germain'),
	('GOWM90', 	'Georginio', 	'Wijnaldum', 				'18', 	'destro', 		'Centrocampista',	'1990-11-11', 	'Olanda', 				'1375000',	'2024-06-30', 	'22000000', 	'25', 	'',				'Paris Saint-Germain'),
	('ARHA89', 	'Ander', 		'Herrera', 					'21', 	'destro', 		'Centrocampista',	'1989-08-14', 	'Spagna', 				'7500000',	'2024-06-30', 	'12000000', 	'18', 	'',				'Paris Saint-Germain'),
	('JRDE00', 	'Junior', 		'Dina Ebimbe', 				'28', 	'destro', 		'Centrocampista',	'2000-11-21', 	'Francia', 				'3125000', 	'2023-06-30', 	'5000000', 		'23', 	'',				'Paris Saint-Germain'),
	('XISS03', 	'Xavi', 		'Simons', 					'34', 	'destro', 		'Centrocampista',	'2003-04-21', 	'Olanda', 				'1875000', 	'2025-06-30', 	'3000000', 		'16', 	'',				'Paris Saint-Germain'),
	('EDMT03', 	'Edouard', 		'Michut', 					'38', 	'destro', 		'Centrocampista',	'2003-03-04', 	'Francia', 				'1250000', 	'2025-06-30', 	'2000000', 		'7', 	'',				'Paris Saint-Germain'),
	('NRDR92', 	'Neymar', 		'Da Silva Santos Júnior', 	'10', 	'destro', 		'Centrocampista',	'1992-02-05', 	'Brasile', 				'5625000', 	'2025-06-30', 	'90000000', 	'20', 	'Under Armour',	'Paris Saint-Germain'),
	('JNDR93', 	'Julian', 		'Draxler', 					'23', 	'destro', 		'Centrocampista',	'1993-09-20', 	'Germania', 			'1250000', 	'2024-06-30', 	'20000000', 	'25', 	'',				'Paris Saint-Germain'),
	('LLMI87', 	'Lionel', 		'Messi', 					'30', 	'sinistro', 	'Attaccante',		'1987-06-24', 	'Argentina', 			'3750000', 	'2023-06-30', 	'60000000', 	'27', 	'Adidas',		'Paris Saint-Germain'),
	('ÁLDA88', 	'Ángel', 		'Di,María', 				'11', 	'sinistro', 	'Attaccante',		'1988-02-14', 	'Argentina', 			'9375000', 	'2025-06-30', 	'15000000', 	'28', 	'',				'Paris Saint-Germain'),
	('KNMÉ98', 	'Kylian', 		'Mbappé', 					'7', 	'destro', 		'Attaccante',		'1998-12-20', 	'Francia', 				'1000000', 	'2025-06-30', 	'160000000',	'24', 	'Nike',			'Paris Saint-Germain'),
	('MOII93', 	'Mauro', 		'Icardi', 					'9', 	'destro', 		'Attaccante',		'1993-02-19', 	'Argentina', 			'1750000', 	'2024-06-30', 	'28000000', 	'6', 	'',				'Paris Saint-Germain'),
	('PIGI95', 	'Pierluigi', 	'Gollini', 					'22', 	'destro', 		'Portiere',			'1995-03-18', 	'Italia', 				'6250000', 	'2025-06-30', 	'10000000', 	'24', 	'',				'Tottenham Hotspur'),
	('HOLS86', 	'Hugo', 		'Lloris', 					'1', 	'sinistro', 	'Portiere',			'1986-12-26', 	'Francia', 				'4375000', 	'2024-06-30', 	'7000000', 		'15', 	'',				'Tottenham Hotspur'),
	('BNAN99', 	'Brandon', 		'Austin', 					'40', 	'destro', 		'Portiere',			'1999-01-08', 	'Inghilterra', 			'1563000', 	'2024-06-30', 	'250000', 		'6', 	'',				'Tottenham Hotspur'),
	('CNRO98', 	'Cristian', 	'Romero', 					'4', 	'destro', 		'Difensore',		'1998-04-27', 	'Argentina', 			'2500000', 	'2023-06-30', 	'40000000', 	'25', 	'Vans',			'Tottenham Hotspur'),
	('DNSZ96', 	'Davinson', 	'Sánchez', 					'6', 	'destro', 		'Difensore',		'1996-06-12', 	'Colombia', 			'1875000', 	'2024-06-30', 	'30000000', 	'20',	'',				'Tottenham Hotspur'),
	('ECDR94', 	'Eric', 		'Dier', 					'15', 	'destro', 		'Difensore',		'1994-01-15', 	'Inghilterra', 			'1375000', 	'2024-06-30', 	'22000000', 	'9', 	'',				'Tottenham Hotspur'),
	('JTTA99', 	'Japhet', 		'Tanganga', 				'25', 	'destro', 		'Difensore',		'1999-03-31', 	'Inghilterra', 			'9375000', 	'2025-06-30', 	'15000000', 	'16', 	'',				'Tottenham Hotspur'),
	('JERN97', 	'Joe', 			'Rodon', 					'14', 	'destro', 		'Difensore',		'1997-10-22', 	'Galles', 				'5000000', 	'2025-06-30', 	'8000000', 		'11', 	'',				'Tottenham Hotspur'),
	('SORN96', 	'Sergio', 		'Reguilón', 				'3', 	'sinistro', 	'Difensore',		'1996-12-16', 	'Spagna', 				'1750000', 	'2025-06-30', 	'28000000', 	'30',	'',				'Tottenham Hotspur'),
	('BNDS93', 	'Ben', 			'Davies', 					'33', 	'sinistro', 	'Difensore',		'1993-04-24', 	'Galles', 				'1250000', 	'2024-06-30', 	'20000000', 	'30',	'',				'Tottenham Hotspur'),
	('ENRL99', 	'Emerson', 		'Royal', 					'12', 	'destro', 		'Difensore',		'1999-01-14', 	'Brasile', 				'1563000', 	'2026-06-30', 	'25000000', 	'14', 	'',				'Tottenham Hotspur'),
	('MTDY92', 	'Matt', 		'Doherty', 					'2', 	'destro', 		'Difensore',		'1992-01-16', 	'Irlanda', 				'7500000', 	'2024-06-30', 	'12000000', 	'27', 	'',				'Tottenham Hotspur'),
	('ORSP00', 	'Oliver', 		'Skipp', 					'29', 	'destro', 		'Centrocampista',	'2000-09-16', 	'Inghilterra', 			'1250000', 	'2027-06-30', 	'20000000', 	'27', 	'',				'Tottenham Hotspur'),
	('HYWS96',  'Harry', 		'Winks', 					'8', 	'destro', 		'Centrocampista',	'1996-02-02', 	'Inghilterra', 			'1063000', 	'2024-06-30', 	'17000000', 	'31', 	'',				'Tottenham Hotspur'),
	('PEHG95', 	'Pierre-Emile', 'Höjbjerg', 				'5', 	'destro', 		'Centrocampista',	'1995-08-05', 	'Danimarca', 			'2500000', 	'2025-06-30', 	'40000000', 	'20', 	'',				'Tottenham Hotspur'),
	('ROBR97', 	'Rodrigo', 		'Bentancur', 				'30', 	'destro', 		'Centrocampista',	'1997-06-25', 	'Uruguay', 				'1563000', 	'2026-06-30', 	'25000000', 	'8', 	'',				'Tottenham Hotspur'),
	('RNSN00', 	'Ryan', 		'Sessegnon', 				'19', 	'sinistro', 	'Centrocampista',	'2000-05-18', 	'Inghilterra', 			'9375000', 	'2025-06-30', 	'15000000', 	'27', 	'',				'Tottenham Hotspur'),
	('HNSN92', 	'Heung-min', 	'Son', 						'7', 	'entrambi', 	'Attaccante',		'1992-07-08', 	'Corea del Sud', 		'5000000', 	'2025-06-30', 	'80000000', 	'16', 	'Monster',		'Tottenham Hotspur'),
	('SNBN97', 	'Steven', 		'Bergwijn', 				'23', 	'destro', 		'Attaccante',		'1997-10-08', 	'Olanda', 				'1125000', 	'2025-06-30', 	'18000000', 	'28', 	'',				'Tottenham Hotspur'),
	('DNKI00', 	'Dejan', 		'Kulusevski', 				'21', 	'sinistro', 	'Attaccante',		'2000-04-25', 	'Svezia', 				'2188000', 	'2023-06-30', 	'35000000', 	'31', 	'',				'Tottenham Hotspur'),
	('LSMA92', 	'Lucas', 		'Moura', 					'27', 	'destro', 		'Attaccante',		'1992-08-13', 	'Brasile', 				'1250000', 	'2024-06-30', 	'20000000', 	'26', 	'',				'Tottenham Hotspur'),
	('HYKE93', 	'Harry', 		'Kane', 					'10', 	'destro', 		'Attaccante',		'1993-07-28', 	'Inghilterra', 			'6250000', 	'2024-06-30', 	'100000000', 	'9', 	'Gatorade',		'Tottenham Hotspur'),
	('TTCS92', 	'Thibaut', 		'Courtois', 				'1', 	'sinistro', 	'Portiere',			'1992-05-11', 	'Belgio', 				'4063000', 	'2026-06-30', 	'65000000', 	'11', 	'',				'Real Madrid Club de Fútbol'),
	('AYLN99', 	'Andriy', 		'Lunin', 					'13', 	'destro', 		'Portiere',			'1999-02-11', 	'Ucraina', 				'1250000', 	'2024-06-30', 	'2000000', 		'14', 	'',				'Real Madrid Club de Fútbol'),
	('ÉRMO98', 	'Éder', 		'Militão', 					'3', 	'destro', 		'Difensore',		'1998-01-18', 	'Brasile', 				'3750000', 	'2025-06-30', 	'60000000', 	'15', 	'',				'Real Madrid Club de Fútbol'),
	('DDAA92', 	'David', 		'Alaba', 					'4', 	'sinistro', 	'Difensore',		'1992-06-24', 	'Austria', 				'3438000', 	'2026-06-30', 	'55000000', 	'6', 	'',				'Real Madrid Club de Fútbol'),
	('NOFZ90', 	'Nacho', 		'Fernández', 				'6', 	'destro', 		'Difensore',		'1990-01-18', 	'Spagna', 				'4375000', 	'2023-06-30', 	'7000000', 		'20', 	'',				'Real Madrid Club de Fútbol'),
	('JSVO97', 	'Jesús', 		'Vallejo', 					'5', 	'destro', 		'Difensore',		'1997-01-05', 	'Spagna', 				'1875000', 	'2025-06-30', 	'3000000', 		'5', 	'',				'Real Madrid Club de Fútbol'),
	('FDMY95', 	'Ferland', 		'Mendy', 					'23', 	'sinistro', 	'Difensore',		'1995-06-08', 	'Francia', 				'3125000', 	'2025-06-30', 	'50000000', 	'19', 	'',				'Real Madrid Club de Fútbol'),
	('MOVA88', 	'Marcelo', 		'Vieira', 					'12', 	'sinistro', 	'Difensore',		'1988-05-12', 	'Brasile', 				'1875000', 	'2025-06-30', 	'3000000', 		'13', 	'',				'Real Madrid Club de Fútbol'),
	('DLCL92', 	'Daniel', 		'Carvajal', 				'2', 	'destro', 		'Difensore',		'1992-01-11', 	'Spagna', 				'1125000', 	'2025-06-30', 	'18000000', 	'28', 	'',				'Real Madrid Club de Fútbol'),
	('LSVZ91', 	'Lucas', 		'Vázquez', 					'17', 	'destro', 		'Difensore',		'1991-07-01', 	'Spagna', 				'7500000', 	'2024-06-30', 	'12000000', 	'18', 	'',				'Real Madrid Club de Fútbol'),
	('COVO92', 	'Casemiro', 	'Venancio', 				'14', 	'destro', 		'Centrocampista',	'1992-02-23', 	'Brasile', 				'3125000', 	'2025-06-30', 	'50000000', 	'16', 	'',				'Real Madrid Club de Fútbol'),
	('FOVE98', 	'Federico', 	'Valverde', 				'15', 	'destro', 		'Centrocampista',	'1998-07-22', 	'Uruguay', 				'4063000', 	'2027-06-30', 	'65000000', 	'10', 	'',				'Real Madrid Club de Fútbol'),
	('EOCA02', 	'Eduardo', 		'Camavinga', 				'25', 	'sinistro', 	'Centrocampista',	'2002-11-10', 	'Francia', 				'3438000', 	'2027-06-30', 	'55000000', 	'11', 	'',				'Real Madrid Club de Fútbol'),
	('TIKS90', 	'Toni', 		'Kroos', 					'8', 	'destro', 		'Centrocampista',	'1990-01-04', 	'Germania', 			'1563000', 	'2023-06-30', 	'25000000', 	'26', 	'',				'Real Madrid Club de Fútbol'),
	('DICS96', 	'Dani', 		'Ceballos', 				'19', 	'destro', 		'Centrocampista',	'1996-08-07', 	'Spagna', 				'9375000', 	'2023-06-30', 	'15000000', 	'7', 	'',				'Real Madrid Club de Fútbol'),
	('LAMC85', 	'Luka', 		'Modric', 					'10', 	'entrambi', 	'Centrocampista',	'1985-09-09', 	'Croazia', 				'6250000', 	'2025-06-30', 	'10000000', 	'9', 	'',				'Real Madrid Club de Fútbol'),
	('IOAN92', 	'Isco', 		'Alarcòn', 					'22', 	'destro', 		'Centrocampista',	'1992-04-21', 	'Spagna', 				'4688000', 	'2025-06-30', 	'7500000', 		'17', 	'',				'Real Madrid Club de Fútbol'),
	('VSJR00', 	'Vinicius', 	'Junior', 					'20', 	'destro', 		'Attaccante',		'2000-07-12', 	'Brasile', 				'6250000', 	'2024-06-30', 	'100000000',	'15', 	'',				'Real Madrid Club de Fútbol'),
	('ENHD91', 	'Eden', 		'Hazard', 					'7', 	'destro', 		'Attaccante',		'1991-01-07', 	'Belgio', 				'1000000', 	'2024-06-30', 	'16000000', 	'30', 	'',				'Real Madrid Club de Fútbol'),
	('MOAO96', 	'Marco', 		'Asensio', 					'11', 	'sinistro', 	'Attaccante',		'1996-01-21', 	'Spagna', 				'2500000', 	'2023-06-30', 	'40000000', 	'14', 	'',				'Real Madrid Club de Fútbol'),
	('ROGS01', 	'Rodrygo', 		'Goes', 					'21', 	'destro', 		'Attaccante',		'2001-01-09', 	'Brasile', 				'2500000', 	'2025-06-30', 	'40000000', 	'26', 	'',				'Real Madrid Club de Fútbol'),
	('GHBE89', 	'Gareth', 		'Bale', 					'18', 	'sinistro', 	'Attaccante',		'1989-07-16', 	'Galles', 				'1875000', 	'2025-06-30', 	'3000000', 		'23', 	'',				'Real Madrid Club de Fútbol'),
	('KMBA87', 	'Karim', 		'Benzema', 					'9', 	'destro', 		'Attaccante',		'1987-12-19', 	'Francia', 				'1563000', 	'2023-06-30', 	'25000000', 	'30', 	'Vans',			'Real Madrid Club de Fútbol'),
	('LAJĆ97', 	'Luka', 		'Jović', 					'16', 	'entrambi', 	'Attaccante',		'1997-12-23', 	'Serbia', 				'1125000', 	'2025-06-30', 	'18000000', 	'6', 	'',				'Real Madrid Club de Fútbol'),
	('MODZ93',  'Mariano', 		'Díaz', 					'24', 	'destro', 		'Attaccante',		'1993-08-01', 	'Rep. Dominicana', 		'3750000', 	'2023-06-30', 	'6000000', 		'26', 	'',				'Real Madrid Club de Fútbol'),
	('JNOK93',  'Jan', 			'Oblak', 					'13', 	'destro', 		'Portiere',			'1993-01-07', 	'Slovenia', 			'3750000', 	'2023-06-30', 	'60000000', 	'7', 	'Under Armour',	'Club Atlético de Madrid'),
	('BNLE91', 	'Benjamin', 	'Lecomte', 					'1', 	'sinistro', 	'Portiere',			'1991-04-26', 	'Francia', 				'4688000', 	'2025-06-30', 	'7500000', 		'27', 	'',				'Club Atlético de Madrid'),
	('JÉMZ95', 	'José', 		'María Giménez', 			'2', 	'destro', 		'Difensore',		'1995-01-20', 	'Uruguay', 				'3125000', 	'2025-06-30', 	'50000000', 	'25', 	'',				'Club Atlético de Madrid'),
	('MOHO95', 	'Mario', 		'Hermoso', 					'22', 	'sinistro', 	'Difensore',		'1995-06-18', 	'Spagna', 				'1563000', 	'2024-06-30', 	'25000000', 	'23', 	'',				'Club Atlético de Madrid'),
	('SNSC91', 	'Stefan', 		'Savic', 					'15', 	'destro', 		'Difensore',		'1991-01-08', 	'Montenegro', 			'1250000', 	'2024-06-30', 	'20000000', 	'8', 	'',				'Club Atlético de Madrid'),
	('FEAA89', 	'Felipe', 		'Augusto De Almeida', 		'18', 	'destro', 		'Difensore',		'1989-05-16', 	'Brasile', 				'4375000', 	'2025-06-30', 	'7000000', 		'23', 	'',				'Club Atlético de Madrid'),
	('RNLI98', 	'Renan', 		'Lodi', 					'12', 	'sinistro', 	'Difensore',		'1998-04-08', 	'Brasile', 				'1563000', 	'2025-06-30', 	'25000000', 	'21', 	'',				'Club Atlético de Madrid'),
	('ROMA94', 	'Reinildo', 	'Mandava', 					'23', 	'sinistro', 	'Difensore',		'1994-01-21', 	'Mozambico', 			'9375000', 	'2025-06-30', 	'15000000', 	'13', 	'',				'Club Atlético de Madrid'),
	('SEVO92', 	'Sime', 		'Vrsaljko', 				'24', 	'destro', 		'Difensore',		'1992-01-10', 	'Croazia', 				'3125000', 	'2025-06-30', 	'5000000', 		'5', 	'',				'Club Atlético de Madrid'),
	('GYKA93', 	'Geoffrey', 	'Kondogbia', 				'4', 	'sinistro', 	'Difensore',		'1993-02-15', 	'Rep. Centrafricana', 	'9375000', 	'2024-06-30', 	'15000000', 	'23', 	'',				'Club Atlético de Madrid'),
	('MSLE95', 	'Marcos', 		'Llorente', 				'14', 	'destro', 		'Difensore',		'1995-01-30',	'Spagna', 				'3750000', 	'2027-06-30', 	'60000000', 	'26', 	'',				'Club Atlético de Madrid'),
	('RODL94', 	'Rodrigo', 		'De Paul', 					'5', 	'destro', 		'Centrocampista',	'1994-05-24', 	'Argentina', 			'2500000', 	'2026-06-30', 	'40000000', 	'23', 	'',				'Club Atlético de Madrid'),
	('KERN92', 	'Koke', 		'Resurrección', 			'6', 	'destro', 		'Centrocampista',	'1992-01-08', 	'Spagna', 				'2188000', 	'2024-06-30', 	'35000000', 	'11', 	'',				'Club Atlético de Madrid'),
	('DLWS89', 	'Daniel', 		'Wass', 					'17', 	'destro', 		'Centrocampista',	'1989-05-31', 	'Danimarca', 			'3750000', 	'2023-06-30', 	'6000000', 		'15', 	'',				'Club Atlético de Madrid'),
	('HRHA90', 	'Héctor', 		'Herrera', 					'16', 	'destro', 		'Centrocampista',	'1990-04-19', 	'Messico', 				'3125000', 	'2025-06-30', 	'5000000', 		'29', 	'',				'Club Atlético de Madrid'),
	('TSLR95', 	'Thomas', 		'Lemar', 					'11', 	'sinistro', 	'Centrocampista',	'1995-11-12', 	'Francia', 				'2500000', 	'2023-06-30', 	'40000000', 	'25', 	'',				'Club Atlético de Madrid'),
	('YKCO93', 	'Yannick', 		'Carrasco', 				'21', 	'destro', 		'Centrocampista',	'1993-09-04', 	'Belgio', 				'2500000', 	'2024-06-30', 	'40000000', 	'26', 	'',				'Club Atlético de Madrid'),
	('JOFX99', 	'João', 		'Félix', 					'7', 	'entrambi', 	'Attaccante',		'1999-11-10', 	'Portogallo', 			'4375000', 	'2026-06-30', 	'70000000', 	'9', 	'',				'Club Atlético de Madrid'),
	('AEGN91', 	'Antoine', 		'Griezmann', 				'8', 	'sinistro', 	'Attaccante',		'1991-03-21', 	'Francia', 				'3125000', 	'2025-06-30', 	'50000000', 	'28', 	'',				'Club Atlético de Madrid'),
	('ÁLCA95', 	'Ángel', 		'Correa', 					'10', 	'destro', 		'Attaccante',		'1995-03-09', 	'Argentina', 			'2813000', 	'2026-06-30', 	'45000000', 	'25', 	'',				'Club Atlético de Madrid'),
	('MSCA99', 	'Matheus', 		'Cunha', 					'19', 	'destro', 		'Attaccante',		'1999-05-27', 	'Brasile', 				'1875000', 	'2026-06-30', 	'30000000', 	'26', 	'',				'Club Atlético de Madrid'),
	('LSSZ87', 	'Luis', 		'Suárez', 					'9', 	'destro', 		'Attaccante',		'1987-01-24', 	'Uruguay', 				'6250000', 	'2025-06-30', 	'10000000', 	'6', 	'Adidas',		'Club Atlético de Madrid'),
	('MÉTN92', 	'Marc-André', 	'Ter Stegen', 				'1', 	'destro', 		'Portiere',			'1992-04-30', 	'Germania', 			'2813000', 	'2025-06-30', 	'45000000', 	'11', 	'Adidas',		'Futbol Club Barcelona'),
	('NONO89', 	'Norberto', 	'Neto', 					'13', 	'destro', 		'Portiere',			'1989-07-19', 	'Brasile', 				'2500000', 	'2023-06-30', 	'4000000', 		'6', 	'',				'Futbol Club Barcelona'),
	('RDAO99', 	'Ronald', 		'Araújo', 					'4', 	'destro', 		'Difensore',		'1999-05-07', 	'Uruguay', 				'2500000', 	'2026-06-30', 	'40000000', 	'8', 	'',				'Futbol Club Barcelona'),
	('ECGA01', 	'Eric', 		'García', 					'24', 	'destro', 		'Difensore',		'2001-01-09', 	'Spagna', 				'1125000', 	'2026-06-30', 	'18000000', 	'9', 	'',				'Futbol Club Barcelona'),
	('CTLT95', 	'Clément', 		'Lenglet', 					'15', 	'sinistro', 	'Difensore',		'1995-06-17', 	'Francia', 				'8750000', 	'2026-06-30', 	'14000000', 	'31', 	'',				'Futbol Club Barcelona'),
	('ÓRMA99', 	'Óscar', 		'Mingueza', 				'22', 	'destro', 		'Difensore',		'1999-05-13', 	'Spagna', 				'5625000', 	'2023-06-30', 	'9000000', 		'26', 	'',				'Futbol Club Barcelona'),
	('GDPÉ87', 	'Gerard', 		'Piqué', 					'3', 	'destro', 		'Difensore',		'1987-02-02', 	'Spagna', 				'3125000', 	'2024-06-30', 	'5000000', 		'29', 	'',				'Futbol Club Barcelona'),
	('SLUI93', 	'Samuel', 		'Umtiti', 					'23', 	'sinistro', 	'Difensore',		'1993-11-14', 	'Francia', 				'1250000', 	'2026-06-30', 	'2000000', 		'9', 	'',				'Futbol Club Barcelona'),
	('JIAA89', 	'Jordi', 		'Alba', 					'18', 	'sinistro', 	'Difensore',		'1989-05-21', 	'Spagna', 				'7500000', 	'2024-06-30', 	'12000000', 	'20', 	'',				'Futbol Club Barcelona'),
	('SODT00', 	'Sergiño', 		'Dest', 					'2', 	'destro', 		'Difensore',		'2000-11-03', 	'Stati Uniti', 			'1125000', 	'2025-06-30', 	'18000000', 	'17', 	'',				'Futbol Club Barcelona'),
	('DIAS83', 	'Dani', 		'Alves', 					'8', 	'destro', 		'Difensore',		'1983-05-06', 	'Brasile', 				'5200', 	'2025-06-30', 	'1000000', 		'24', 	'',				'Futbol Club Barcelona'),
	('SOBS88', 	'Sergio', 		'Busquets', 				'5', 	'destro', 		'Centrocampista',	'1988-07-16', 	'Spagna', 				'5625000', 	'2023-06-30', 	'9000000', 		'21', 	'',				'Futbol Club Barcelona'),
	('PIGZ02', 	'Pedri', 		'González', 				'16', 	'destro', 		'Centrocampista',	'2002-11-25', 	'Spagna', 				'5000000', 	'2026-06-30', 	'80000000', 	'15', 	'',				'Futbol Club Barcelona'),
	('FEDG97', 	'Frenkie', 		'De Jong', 					'21', 	'destro', 		'Centrocampista',	'1997-05-12', 	'Olanda', 				'4375000', 	'2026-06-30', 	'70000000', 	'8', 	'',				'Futbol Club Barcelona'),
	('POGI04', 	'Pablo', 		'Gavi', 					'30', 	'destro', 		'Centrocampista',	'2004-08-05', 	'Spagna', 				'3750000', 	'2023-06-30', 	'60000000', 	'27', 	'',				'Futbol Club Barcelona'),
	('NOGZ02', 	'Nico', 		'González', 				'14', 	'destro', 		'Centrocampista',	'2002-01-03', 	'Spagna', 				'1563000', 	'2024-06-30', 	'25000000', 	'12', 	'',				'Futbol Club Barcelona'),
	('RIPG99', 	'Riqui', 		'Puig', 					'6', 	'destro', 		'Centrocampista',	'1999-08-13', 	'Spagna', 				'5625000', 	'2023-06-30', 	'9000000', 		'24', 	'',				'Futbol Club Barcelona'),
	('SIRO92', 	'Sergi', 		'Roberto', 					'20', 	'destro', 		'Centrocampista',	'1992-02-07', 	'Spagna', 				'4375000', 	'2025-06-30', 	'7000000', 		'21', 	'',				'Futbol Club Barcelona'),
	('AUFI02', 	'Ansu', 		'Fati', 					'10', 	'destro', 		'Attaccante',		'2002-10-31', 	'Spagna', 				'3750000', 	'2027-06-30', 	'60000000', 	'20', 	'',				'Futbol Club Barcelona'),
	('FNTS00', 	'Ferran', 		'Torres', 					'19', 	'destro', 		'Attaccante',		'2000-02-29', 	'Spagna', 				'2813000', 	'2027-06-30', 	'45000000', 	'17', 	'',				'Futbol Club Barcelona'),
	('OEDÉ97', 	'Ousmane', 		'Dembélé', 					'7', 	'entrambi', 	'Attaccante',		'1997-05-15', 	'Francia', 				'1875000', 	'2025-06-30', 	'30000000', 	'20', 	'',				'Futbol Club Barcelona'),
	('AATÉ96', 	'Adama', 		'Traoré', 					'11', 	'destro', 		'Attaccante',		'1996-01-25', 	'Spagna', 				'1750000', 	'2025-06-30', 	'28000000', 	'26', 	'',				'Futbol Club Barcelona'),
	('MSDY94', 	'Memphis', 		'Depay', 					'9', 	'destro', 		'Attaccante',		'1994-02-13', 	'Olanda', 				'2813000', 	'2023-06-30', 	'45000000', 	'6', 	'Adidas',		'Futbol Club Barcelona'),
	('PKAG89', 	'PiereEmerick', 'Aubameyang', 				'25', 	'destro', 		'Attaccante',		'1989-06-18', 	'Gabon', 				'9375000', 	'2025-06-30', 	'15000000', 	'30', 	'',				'Futbol Club Barcelona'),
	('MNBE91', 	'Martin', 		'Braithwaite', 				'12', 	'destro', 		'Attaccante',		'1991-06-05', 	'Danimarca', 			'4688000', 	'2024-06-30', 	'7500000', 		'30', 	'',				'Futbol Club Barcelona'),
	('LKDG90', 	'Luuk', 		'De Jong', 					'17', 	'destro', 		'Attaccante',		'1990-08-27', 	'Olanda', 				'2500000', 	'2025-06-30', 	'4000000', 		'21', 	'',				'Futbol Club Barcelona'),
	('GRKL97', 	'Gregor', 		'Kobel', 					'1', 	'destro', 		'Portiere',			'1997-12-06', 	'Svizzera', 			'1250000', 	'2026-06-30', 	'20000000', 	'29', 	'',				'Ballspielverein Borussia 09 Dortmund'),
	('RNBI90', 	'Roman', 		'Bürki', 					'38', 	'destro', 		'Portiere',			'1990-11-14', 	'Svizzera', 			'1125000', 	'2023-06-30', 	'1800000', 		'26', 	'',				'Ballspielverein Borussia 09 Dortmund'),
	('LAUN01', 	'Luca', 		'Unbehaun', 				'25', 	'destro', 		'Portiere',			'2001-02-27', 	'Germania', 			'9375000', 	'2023-06-30', 	'1500000', 		'13', 	'',				'Ballspielverein Borussia 09 Dortmund'),
	('MNHZ87', 	'Marwin', 		'Hitz', 					'35', 	'destro', 		'Portiere',			'1987-09-18', 	'Svizzera', 			'6250000', 	'2023-06-30', 	'1000000', 		'13', 	'',				'Ballspielverein Borussia 09 Dortmund'),
	('MLAI95', 	'Manuel', 		'Akanji', 					'16', 	'destro', 		'Difensore',		'1995-07-19', 	'Svizzera', 			'1875000', 	'2023-06-30', 	'30000000', 	'30', 	'',				'Ballspielverein Borussia 09 Dortmund'),
	('DLZU99', 	'Dan-Axel', 	'Zagadou', 					'5', 	'sinistro', 	'Difensore',		'1999-06-03', 	'Francia', 				'5625000', 	'2025-06-30', 	'9000000', 		'24', 	'',				'Ballspielverein Borussia 09 Dortmund'),
	('MSHS88', 	'Mats', 		'Hummels', 					'15', 	'destro', 		'Difensore',		'1988-12-16', 	'Germania', 			'5625000', 	'2023-06-30', 	'9000000', 		'9', 	'',				'Ballspielverein Borussia 09 Dortmund'),
	('MNPC97', 	'Marin', 		'Pongracic', 				'34', 	'destro', 		'Difensore',		'1997-09-11', 	'Croazia', 				'4688000', 	'2025-06-30', 	'7500000', 		'6', 	'',				'Ballspielverein Borussia 09 Dortmund'),
	('SACY03', 	'Soumaïla', 	'Coulibaly', 				'4', 	'sinistro', 	'Difensore',		'2003-10-14', 	'Francia', 				'4688000', 	'2024-06-30', 	'750000', 		'5', 	'',				'Ballspielverein Borussia 09 Dortmund'),
	('RLGO93', 	'Raphaël', 		'Guerreiro', 				'13', 	'sinistro', 	'Difensore',		'1993-12-22', 	'Portogallo', 			'2188000', 	'2023-06-30', 	'35000000', 	'22', 	'',				'Ballspielverein Borussia 09 Dortmund'),
	('NOSZ93', 	'Nico', 		'Schulz', 					'14', 	'sinistro', 	'Difensore',		'1993-03-01', 	'Germania', 			'3750000', 	'2024-06-30', 	'6000000', 		'31', 	'',				'Ballspielverein Borussia 09 Dortmund'),
	('MLSR88', 	'Marcel', 		'Schmelzer', 				'29', 	'sinistro', 	'Difensore',		'1988-01-22', 	'Germania', 			'3125000', 	'2025-06-30', 	'500000', 		'9', 	'',				'Ballspielverein Borussia 09 Dortmund'),
	('TSMR91', 	'Thomas', 		'Meunier', 					'24', 	'destro', 		'Difensore',		'1991-09-12', 	'Belgio', 				'5625000', 	'2024-06-30', 	'9000000', 		'27', 	'',				'Ballspielverein Borussia 09 Dortmund'),
	('MUMÀ00', 	'Mateu', 		'Morey Bauzà', 				'2', 	'destro', 		'Centrocampista',	'2000-03-02', 	'Spagna', 				'2500000', 	'2024-06-30', 	'4000000', 		'8', 	'',				'Ballspielverein Borussia 09 Dortmund'),
	('FXPK98', 	'Felix', 		'Passlack', 				'30', 	'destro', 		'Centrocampista',	'1998-05-29', 	'Germania', 			'1563000', 	'2023-06-30', 	'2500000', 		'9', 	'',				'Ballspielverein Borussia 09 Dortmund'),
	('EECN94', 	'Emre', 		'Can', 						'23', 	'destro', 		'Centrocampista',	'1994-01-12', 	'Germania', 			'1000000', 	'2024-06-30', 	'16000000', 	'31', 	'',				'Ballspielverein Borussia 09 Dortmund'),
	('ALWL89', 	'Axel', 		'Witsel', 					'28', 	'destro', 		'Centrocampista',	'1989-01-12', 	'Belgio', 				'2500000', 	'2025-06-30', 	'4000000', 		'8', 	'',				'Ballspielverein Borussia 09 Dortmund'),
	('JEBM03', 	'Jude', 		'Bellingham', 				'22', 	'destro', 		'Centrocampista',	'2003-06-29', 	'Inghilterra', 			'4688000', 	'2025-06-30', 	'75000000', 	'22', 	'',				'Ballspielverein Borussia 09 Dortmund'),
	('MDDD96', 	'Mahmoud', 		'Dahoud', 					'8', 	'destro', 		'Centrocampista',	'1996-01-01', 	'Germania', 			'1125000', 	'2023-06-30', 	'18000000', 	'12', 	'',				'Ballspielverein Borussia 09 Dortmund'),
	('GIRA02', 	'Giovanni', 	'Reyna', 					'7', 	'destro', 		'Centrocampista',	'2002-11-13', 	'Stati Uniti', 			'2625000', 	'2025-06-30', 	'42000000', 	'9', 	'',				'Ballspielverein Borussia 09 Dortmund'),
	('JNBT96', 	'Julian', 		'Brandt', 					'19', 	'destro', 		'Centrocampista',	'1996-05-02', 	'Germania', 			'1563000', 	'2024-06-30', 	'25000000', 	'19', 	'',				'Ballspielverein Borussia 09 Dortmund'),
	('MORS89', 	'Marco', 		'Reus', 					'11', 	'destro', 		'Centrocampista',	'1989-05-31', 	'Germania', 			'8125000', 	'2023-06-30', 	'13000000', 	'21', 	'',				'Ballspielverein Borussia 09 Dortmund'),
	('RRSA02', 	'Reinier', 		'Silva', 					'20', 	'destro', 		'Attaccante',		'2002-01-19', 	'Brasile', 				'6250000', 	'2025-06-30', 	'10000000', 	'29', 	'',				'Ballspielverein Borussia 09 Dortmund'),
	('TNHD93', 	'Thorgan', 		'Hazard', 					'10', 	'destro', 		'Attaccante',		'1993-03-29', 	'Belgio', 				'1250000', 	'2024-06-30', 	'20000000', 	'30', 	'',				'Ballspielverein Borussia 09 Dortmund'),
	('MSWF95', 	'Marius', 		'Wolf', 					'39', 	'destro', 		'Attaccante',		'1995-05-27', 	'Germania', 			'3125000', 	'2024-06-30', 	'5000000',	 	'12', 	'',				'Ballspielverein Borussia 09 Dortmund'),
	('EGHD00', 	'Erling', 		'Haaland', 					'9', 	'sinistro', 	'Attaccante',		'2000-07-21', 	'Norvegia', 			'9375000', 	'2024-06-30', 	'150000000', 	'26', 	'EA Sports',	'Ballspielverein Borussia 09 Dortmund'),
	('DLMN99', 	'Donyell', 		'Malen', 					'21', 	'destro', 		'Attaccante',		'1999-01-19', 	'Olanda', 				'1688000', 	'2026-06-30', 	'27000000', 	'28', 	'',				'Ballspielverein Borussia 09 Dortmund'),
	('YAMO04', 	'Youssoufa', 	'Moukoko', 					'18', 	'sinistro', 	'Attaccante',		'2004-11-20', 	'Germania', 			'9375000', 	'2023-06-30', 	'15000000', 	'5', 	'',				'Ballspielverein Borussia 09 Dortmund'),
	('SNTS98', 	'Steffen', 		'Tigges', 					'27', 	'sinistro', 	'Attaccante',		'1998-07-31', 	'Germania', 			'9375000', 	'2024-06-30', 	'1500000', 		'30', 	'',				'Ballspielverein Borussia 09 Dortmund'),
	('RIPO88', 	'Rui', 			'Patrício', 				'1', 	'sinistro', 	'Portiere',			'1988-02-15', 	'Portogallo', 			'5000000', 	'2024-06-30', 	'8000000', 		'28', 	'',				'Associazione Sportiva Roma'),
	('DLFO97', 	'Daniel', 		'Fuzato', 					'87', 	'destro', 		'Portiere',			'1997-07-04', 	'Brasile', 				'5000000', 	'2023-06-30', 	'800000', 		'7', 	'',				'Associazione Sportiva Roma'),
	('POBR02', 	'Pietro', 		'Boer', 					'63', 	'destro', 		'Portiere',			'2002-05-12',	'Italia', 				'9000', 	'2024-06-30', 	'150000', 		'14', 	'',				'Associazione Sportiva Roma'),
	('RRIZ98', 	'Roger', 		'Ibañez', 					'3', 	'destro', 		'Difensore',		'1998-11-23', 	'Brasile', 				'1563000', 	'2025-06-30', 	'25000000', 	'19', 	'',				'Associazione Sportiva Roma'),
	('GAMI96', 	'Gianluca', 	'Mancini', 					'23', 	'destro', 		'Difensore',		'1996-04-17', 	'Italia', 				'1563000', 	'2026-06-30', 	'25000000', 	'23', 	'',				'Associazione Sportiva Roma'),
	('MHKA00', 	'Marash', 		'Kumbulla', 				'24', 	'destro', 		'Difensore',		'2000-02-08', 	'Albania', 				'1125000', 	'2025-06-30', 	'18000000', 	'30', 	'',				'Associazione Sportiva Roma'),
	('CSSG89', 	'Chris', 		'Smalling', 				'6', 	'destro', 		'Difensore',		'1989-11-22', 	'Inghilterra', 			'5000000', 	'2023-06-30', 	'8000000', 		'7', 	'',				'Associazione Sportiva Roma'),
	('LOSA93', 	'Leonardo', 	'Spinazzola', 				'37', 	'destro', 		'Difensore',		'1993-03-25', 	'Italia', 				'1250000', 	'2024-06-30', 	'20000000', 	'10', 	'',				'Associazione Sportiva Roma'),
	('MSVA97', 	'Matías', 		'Viña', 					'5', 	'sinistro', 	'Difensore',		'1997-11-09', 	'Uruguay', 				'5625000', 	'2026-06-30', 	'9000000', 		'24', 	'',				'Associazione Sportiva Roma'),
	('RKKP95', 	'Rick', 		'Karsdorp', 				'2', 	'destro', 		'Difensore',		'1995-02-11', 	'Olanda', 				'8125000', 	'2025-06-30', 	'13000000', 	'20', 	'',				'Associazione Sportiva Roma'),
	('DESN91', 	'Davide', 		'Santon', 					'18', 	'destro', 		'Difensore',		'1991-01-02', 	'Italia', 				'5000000', 	'2025-06-30', 	'800000', 		'9', 	'',				'Associazione Sportiva Roma'),
	('BNCE95', 	'Bryan', 		'Cristante', 				'4', 	'destro', 		'Centrocampista',	'1995-03-03', 	'Italia', 				'1250000', 	'2024-06-30', 	'20000000', 	'11', 	'Gatorade',		'Associazione Sportiva Roma'),
	('AUDA97', 	'Amadou', 		'Diawara', 					'42', 	'destro', 		'Centrocampista',	'1997-07-17', 	'Guinea', 				'5000000', 	'2024-06-30', 	'8000000', 		'19', 	'',				'Associazione Sportiva Roma'),
	('EADE01', 	'Ebrima', 		'Darboe', 					'55', 	'destro', 		'Centrocampista',	'2001-06-06', 	'Gambia', 				'1250000', 	'2026-06-30', 	'2000000', 		'23', 	'',				'Associazione Sportiva Roma'),
	('FOTI02', 	'Filippo', 		'Tripi', 					'65', 	'destro', 		'Centrocampista',	'2002-01-06', 	'Italia', 				'1875000', 	'2024-06-30', 	'300000', 		'8', 	'',				'Associazione Sportiva Roma'),
	('JNVT93', 	'Jordan', 		'Veretout', 				'17', 	'destro', 		'Centrocampista',	'1993-03-01', 	'Francia', 				'1375000', 	'2024-06-30', 	'22000000', 	'28', 	'',				'Associazione Sportiva Roma'),
	('SOOA92', 	'Sérgio', 		'Oliveira', 				'27', 	'destro', 		'Centrocampista',	'1992-06-02', 	'Portogallo', 			'8125000', 	'2025-06-30', 	'13000000', 	'25',	'',				'Associazione Sportiva Roma'),
	('EOBE02', 	'Edoardo', 		'Bove', 					'52', 	'destro', 		'Centrocampista',	'2002-05-16', 	'Italia', 				'5000000', 	'2025-06-30', 	'800000', 		'28', 	'',				'Associazione Sportiva Roma'),
	('AYMS97', 	'Ainsley', 		'Maitland-Niles', 			'15', 	'destro', 		'Centrocampista',	'1997-08-29', 	'Inghilterra', 			'7500000', 	'2025-06-30', 	'12000000', 	'8', 	'',				'Associazione Sportiva Roma'),
	('NAZI02', 	'Nicola', 		'Zalewski', 				'59', 	'entrambi', 	'Centrocampista',	'2002-01-23', 	'Polonia', 				'1563000', 	'2025-06-30', 	'2500000', 		'22', 	'',				'Associazione Sportiva Roma'),
	('LOPI96', 	'Lorenzo', 		'Pellegrini', 				'7', 	'entrambi', 	'Centrocampista',	'1996-06-19', 	'Italia', 				'2813000', 	'2026-06-30', 	'45000000', 	'13', 	'',				'Associazione Sportiva Roma'),
	('HHMN89', 	'Henrikh', 		'Mkhitaryan', 				'77', 	'entrambi', 	'Centrocampista',	'1989-01-21', 	'Armenia', 				'6250000', 	'2025-06-30', 	'10000000', 	'30', 	'',				'Associazione Sportiva Roma'),
	('SNEY92', 	'Stephan', 		'El Shaarawy', 				'92', 	'destro', 		'Attaccante',		'1992-10-27', 	'Italia', 				'4375000', 	'2023-06-30', 	'7000000', 		'15', 	'',				'Associazione Sportiva Roma'),
	('NÒZO99', 	'Nicolò', 		'Zaniolo', 					'22', 	'sinistro', 	'Attaccante',		'1999-07-02', 	'Italia', 				'2063000', 	'2024-06-30', 	'33000000', 	'19', 	'',				'Associazione Sportiva Roma'),
	('CSPZ98', 	'Carles', 		'Pérez', 					'11', 	'sinistro', 	'Attaccante',		'1998-02-16', 	'Spagna', 				'3750000', 	'2024-06-30', 	'6000000', 		'5', 	'',				'Associazione Sportiva Roma'),
	('TYAM97', 	'Tammy', 		'Abraham', 					'9', 	'destro', 		'Attaccante',		'1997-10-02', 	'Inghilterra', 			'2813000', 	'2026-06-30', 	'45000000', 	'7', 	'',				'Associazione Sportiva Roma'),
	('ERSV95', 	'Eldor', 		'Shomurodov', 				'14', 	'destro', 		'Attaccante',		'1995-06-29', 	'Uzbekistan', 			'6250000', 	'2026-06-30', 	'10000000', 	'8', 	'',				'Associazione Sportiva Roma'),
	('FXAN03', 	'Felix', 		'Afena-Gyan', 				'64', 	'destro', 		'Attaccante',		'2003-01-19', 	'Ghana', 				'3125000', 	'2025-06-30', 	'5000000', 		'20', 	'',				'Associazione Sportiva Roma'),
	('OSVS94', 	'Odysseas', 	'Vlachodimos', 				'99', 	'destro', 		'Portiere',			'1994-04-26', 	'Grecia', 				'9375000', 	'2024-06-30', 	'15000000', 	'16', 	'',				'Sport Lisboa e Benfica'),
	('HNLE90', 	'Helton', 		'Leite', 					'77', 	'destro', 		'Portiere',			'1990-09-02', 	'Brasile', 				'2500000', 	'2025-06-30', 	'4000000', 		'22', 	'',				'Sport Lisboa e Benfica'),
	('MESR99', 	'Mile', 		'Svilar', 					'1', 	'destro', 		'Portiere',			'1999-08-27', 	'Serbia', 				'1250000', 	'01/lug/2022', 	'2000000', 		'21', 	'',				'Sport Lisboa e Benfica'),
	('LSVO95', 	'Lucas', 		'Veríssimo', 				'4', 	'destro', 		'Difensore',		'1995-07-02', 	'Brasile', 				'6250000', 	'2025-06-30', 	'10000000', 	'10', 	'',				'Sport Lisboa e Benfica'),
	('MORS01', 	'Morato', 		'Rodrigues', 				'91', 	'sinistro', 	'Difensore',		'2001-06-30', 	'Brasile', 				'6250000', 	'2024-06-30', 	'10000000', 	'22', 	'',				'Sport Lisboa e Benfica'),
	('NSOI88', 	'Nicolás', 		'Otamendi', 				'30', 	'destro', 		'Difensore',		'1988-02-12', 	'Argentina', 			'2813000', 	'2023-06-30', 	'4500000', 		'22', 	'',				'Sport Lisboa e Benfica'),
	('JNVN87', 	'Jan', 			'Vertonghen', 				'5', 	'sinistro', 	'Difensore',		'1987-04-24', 	'Belgio', 				'1875000', 	'2023-06-30', 	'3000000', 		'29', 	'',				'Sport Lisboa e Benfica'),
	('AOGO95', 	'Alejandro', 	'Grimaldo', 				'3', 	'sinistro', 	'Difensore',		'1995-09-20', 	'Spagna', 				'1250000', 	'2023-06-30', 	'20000000', 	'19', 	'Gatorade',		'Sport Lisboa e Benfica'),
	('VOLO96', 	'Valentino', 	'Lazaro', 					'22', 	'destro', 		'Difensore',		'1996-03-24', 	'Austria', 				'5000000', 	'2025-06-30', 	'8000000', 		'6', 	'',				'Sport Lisboa e Benfica'),
	('GOMS93', 	'Gilberto', 	'Moraes', 					'2', 	'destro', 		'Difensore',		'1993-03-07', 	'Brasile', 				'2500000', 	'2025-06-30', 	'4000000', 		'25', 	'',				'Sport Lisboa e Benfica'),
	('AÉAA90', 	'André', 		'Almeida', 					'34', 	'destro', 		'Difensore',		'1990-09-10', 	'Portogallo', 			'1875000',	'2023-06-30', 	'3000000', 		'12', 	'',				'Sport Lisboa e Benfica'),
	('JNWL95', 	'Julian', 		'Weigl', 					'28', 	'destro', 		'Centrocampista',	'1995-09-08', 	'Germania', 			'1375000', 	'2024-06-30', 	'22000000', 	'9', 	'',				'Sport Lisboa e Benfica'),
	('JOMO93', 	'João', 		'Mário', 					'20', 	'destro', 		'Centrocampista',	'1993-01-19', 	'Portogallo', 			'7500000', 	'2026-06-30', 	'12000000', 	'27', 	'',				'Sport Lisboa e Benfica'),
	('SOMÉ94', 	'Soualiho', 	'Meïté', 					'11', 	'destro', 		'Centrocampista',	'1994-03-17', 	'Francia', 				'3125000', 	'2026-06-30', 	'5000000', 		'10', 	'',				'Sport Lisboa e Benfica'),
	('POBO02', 	'Paulo', 		'Bernardo', 				'55', 	'destro', 		'Centrocampista',	'2002-01-24', 	'Portogallo', 			'3125000', 	'2027-06-30', 	'5000000', 		'8', 	'',				'Sport Lisboa e Benfica'),
	('ALTT89', 	'Adel', 		'Taarabt', 					'49', 	'destro', 		'Centrocampista',	'1989-05-24', 	'Marocco', 				'1875000', 	'2023-06-30', 	'3000000', 		'9', 	'',				'Sport Lisboa e Benfica'),
	('RASA93', 	'Rafa', 		'Silva', 					'27', 	'destro', 		'Centrocampista',	'1993-05-17', 	'Portogallo', 			'1563000', 	'2024-06-30', 	'25000000', 	'28', 	'',				'Sport Lisboa e Benfica'),
	('DOGS97', 	'Diogo', 		'Gonçalves', 				'17', 	'destro', 		'Attaccante',		'1997-02-06', 	'Portogallo', 			'3750000', 	'2025-06-30', 	'6000000', 		'14', 	'',				'Sport Lisboa e Benfica'),
	('ÉNSA96', 	'Éverton', 		'Sousa', 					'7', 	'destro', 		'Attaccante',		'1996-03-22', 	'Brasile', 				'1125000', 	'2025-06-30', 	'18000000', 	'29', 	'',				'Sport Lisboa e Benfica'),
	('GLDS96', 	'Gil', 			'Dias', 					'31', 	'sinistro', 	'Attaccante',		'1996-09-28', 	'Portogallo', 			'1875000', 	'2026-06-30', 	'3000000', 		'29', 	'',				'Sport Lisboa e Benfica'),
	('NARĆ96', 	'Nemanja', 		'Radonjić', 				'23', 	'entrambi', 	'Attaccante',		'1996-02-15', 	'Serbia', 				'3125000', 	'2025-06-30', 	'5000000', 		'25', 	'',				'Sport Lisboa e Benfica'),
	('GORS01', 	'Gonçalo', 		'Ramos', 					'88', 	'destro', 		'Attaccante',		'2001-06-20', 	'Portogallo', 			'6250000', 	'2026-06-30', 	'10000000', 	'7', 	'Nike',			'Sport Lisboa e Benfica'),
	('DNNZ99', 	'Darwin', 		'Núñez', 					'9', 	'destro', 		'Attaccante',		'1999-06-24', 	'Uruguay', 				'2500000', 	'2025-06-30', 	'40000000', 	'8', 	'',				'Sport Lisboa e Benfica'),
	('RNYK95', 	'Roman', 		'Yaremchuk', 				'15', 	'destro', 		'Attaccante',		'1995-11-27', 	'Ucraina', 				'1000000', 	'2026-06-30', 	'16000000', 	'12', 	'',				'Sport Lisboa e Benfica'),
	('HSSC92', 	'Haris', 		'Seferovic', 				'14', 	'sinistro', 	'Attaccante',		'1992-02-22', 	'Svizzera', 			'6250000', 	'2024-06-30', 	'10000000', 	'29', 	'',				'Sport Lisboa e Benfica'),
	('ROPO91', 	'Rodrigo', 		'Pinho', 					'18', 	'sinistro', 	'Attaccante',		'1991-05-30', 	'Brasile', 				'1563000', 	'2026-06-30', 	'2500000', 		'31', 	'',				'Sport Lisboa e Benfica'),
	('PRGI90', 	'Péter', 		'Gulácsi', 					'1', 	'destro', 		'Portiere',			'1990-05-06', 	'Ungheria', 			'6875000', 	'2025-06-30', 	'11000000', 	'7', 	'',				'RasenBallsport Leipzig'),
	('JPMZ98', 	'Josep', 		'Martínez', 				'31', 	'destro', 		'Portiere',			'1998-05-27', 	'Spagna', 				'1563000', 	'2024-06-30', 	'2500000', 		'28', 	'',				'RasenBallsport Leipzig'),
	('PPTR85', 	'Philipp', 		'Tschauner', 				'13', 	'destro', 		'Portiere',			'1985-11-03', 	'Germania', 			'1875000', 	'2025-06-30', 	'300000', 		'5', 	'',				'RasenBallsport Leipzig'),
	('JOGL02', 	'Josko', 		'Gvardiol', 				'32', 	'sinistro', 	'Difensore',		'2002-01-23', 	'Croazia', 				'1875000', 	'2026-06-30', 	'30000000', 	'31', 	'',				'RasenBallsport Leipzig'),
	('LSKN96', 	'Lukas', 		'Klostermann', 				'16', 	'destro', 		'Difensore',		'1996-06-03', 	'Germania', 			'1438000', 	'2024-06-30', 	'23000000', 	'12', 	'',				'RasenBallsport Leipzig'),
	('MDSN00', 	'Mohamed', 		'Simakan', 					'2', 	'destro', 		'Difensore',		'2000-05-03',	'Francia', 				'1125000', 	'2026-06-30', 	'18000000', 	'8', 	'',				'RasenBallsport Leipzig'),
	('WION92', 	'Willi', 		'Orbán', 					'4', 	'destro', 		'Difensore',		'1992-11-03', 	'Ungheria', 			'8750000', 	'2025-06-30', 	'14000000', 	'11', 	'',				'RasenBallsport Leipzig'),
	('AOES97', 	'Angeliño', 	'Esmoris', 					'3', 	'sinistro', 	'Difensore',		'1997-01-04', 	'Spagna', 				'1875000', 	'2025-06-30', 	'30000000', 	'15', 	'',				'RasenBallsport Leipzig'),
	('MLHG91', 	'Marcel', 		'Halstenberg', 				'23', 	'sinistro', 	'Difensore',		'1991-09-27', 	'Germania', 			'4375000', 	'2025-06-30', 	'7000000', 		'20', 	'',				'RasenBallsport Leipzig'),
	('NIME97', 	'Nordi', 		'Mukiele', 					'22', 	'destro', 		'Difensore',		'1997-11-01', 	'Francia', 				'1563000', 	'2023-06-30', 	'25000000', 	'7', 	'',				'RasenBallsport Leipzig'),
	('BNHS97', 	'Benjamin', 	'Henrichs', 				'39', 	'destro', 		'Difensore',		'1997-02-24', 	'Germania', 			'7500000', 	'2025-06-30', 	'12000000', 	'16', 	'',				'RasenBallsport Leipzig'),
	('TRAS99', 	'Tyler', 		'Adams', 					'14', 	'destro', 		'Centrocampista',	'1999-02-14', 	'Stati Uniti', 			'1063000', 	'2025-06-30', 	'17000000', 	'16', 	'',				'RasenBallsport Leipzig'),
	('KDLR97', 	'Konrad', 		'Laimer', 					'27', 	'destro', 		'Centrocampista',	'1997-05-27', 	'Austria', 				'1625000', 	'2023-06-30', 	'26000000', 	'7', 	'',				'RasenBallsport Leipzig'),
	('AUHA98', 	'Amadou', 		'Haidara', 					'8', 	'destro', 		'Centrocampista',	'1998-01-31', 	'Mali', 				'1500000', 	'2025-06-30', 	'24000000', 	'17', 	'',				'RasenBallsport Leipzig'),
	('KNKL90', 	'Kevin', 		'Kampl', 					'44', 	'destro', 		'Centrocampista',	'1990-10-09', 	'Slovenia', 			'5000000', 	'2023-06-30', 	'8000000', 		'6', 	'',				'RasenBallsport Leipzig'),
	('SYRR05', 	'Sidney', 		'Raebiger', 				'37', 	'destro', 		'Centrocampista',	'2005-04-17', 	'Germania', 			'4688000', 	'2024-06-30', 	'750000', 		'13', 	'',				'RasenBallsport Leipzig'),
	('CRNU97', 	'Christopher', 	'Nkunku', 					'18', 	'destro', 		'Centrocampista',	'1997-11-14', 	'Francia', 				'4063000', 	'2024-06-30', 	'65000000', 	'13', 	'',				'RasenBallsport Leipzig'),
	('DIOO98', 	'Dani', 		'Olmo', 					'25', 	'destro', 		'Centrocampista',	'1998-05-07', 	'Spagna', 				'2813000', 	'2024-06-30', 	'45000000', 	'28', 	'',				'RasenBallsport Leipzig'),
	('DKSI00', 	'Dominik', 		'Szoboszlai', 				'17', 	'destro', 		'Centrocampista',	'2000-10-25', 	'Ungheria', 			'1750000', 	'2026-06-30', 	'28000000', 	'18', 	'',				'RasenBallsport Leipzig'),
	('ELFG91', 	'Emil', 		'Forsberg', 				'10', 	'destro', 		'Centrocampista',	'1991-10-23', 	'Svezia', 				'1000000', 	'2025-06-30', 	'16000000', 	'26', 	'',				'RasenBallsport Leipzig'),
	('HONA03', 	'Hugo', 		'Novoa', 					'38', 	'destro', 		'Attaccante',		'2003-01-24', 	'Spagna', 				'1875000', 	'2024-06-30', 	'3000000', 		'14', 	'',				'RasenBallsport Leipzig'),
	('AÉSA95', 	'André', 		'Silva', 					'33', 	'destro', 		'Attaccante',		'1995-11-06', 	'Portogallo', 			'2375000', 	'2026-06-30', 	'38000000', 	'11', 	'',				'RasenBallsport Leipzig'),
	('YFPN94', 	'Yussuf', 		'Poulsen', 					'9', 	'destro', 		'Attaccante',		'1994-06-15', 	'Danimarca', 			'1313000', 	'2024-06-30', 	'21000000', 	'18', 	'',				'RasenBallsport Leipzig'),
	('YEBO91', 	'Yassine', 		'Bono', 					'13', 	'sinistro', 	'Portiere',			'1991-04-05', 	'Marocco', 				'9375000', 	'2025-06-30', 	'15000000', 	'10', 	'',				'Sevilla Futbol Club'),
	('MODĆ92', 	'Marko', 		'Dmitrović', 				'1', 	'sinistro', 	'Portiere',			'1992-01-24', 	'Serbia', 				'3750000', 	'2025-06-30', 	'6000000', 		'30', 	'',				'Sevilla Futbol Club'),
	('JIDZ97', 	'Javi', 		'Díaz', 					'31', 	'destro', 		'Portiere',			'1997-05-15', 	'Spagna', 				'2500000', 	'2025-06-30', 	'400000', 		'26', 	'',				'Sevilla Futbol Club'),
	('JSKÉ98', 	'Jules', 		'Koundé', 					'23', 	'destro', 		'Difensore',		'1998-11-12', 	'Francia', 				'3750000', 	'2024-06-30', 	'60000000', 	'20', 	'',				'Sevilla Futbol Club'),
	('DOCS93', 	'Diego', 		'Carlos', 					'20', 	'destro', 		'Difensore',		'1993-03-15', 	'Brasile', 				'2813000', 	'2024-06-30', 	'45000000', 	'7', 	'',				'Sevilla Futbol Club'),
	('KMRK94', 	'Karim', 		'Rekik', 					'4', 	'sinistro', 	'Difensore',		'1994-12-02', 	'Olanda', 				'2500000', 	'2025-06-30', 	'4000000', 		'19', 	'',				'Sevilla Futbol Club'),
	('MSAA91', 	'Marcos', 		'Acuña', 					'19', 	'sinistro', 	'Difensore',		'1991-10-28', 	'Argentina', 			'9375000', 	'2025-06-30', 	'15000000', 	'26', 	'',				'Sevilla Futbol Club'),
	('LGAN94', 	'Ludwig', 		'Augustinsson', 			'3', 	'sinistro', 	'Difensore',		'1994-04-21', 	'Svezia', 				'4375000', 	'2025-06-30', 	'7000000', 		'17', 	'',				'Sevilla Futbol Club'),
	('GOML97', 	'Gonzalo', 		'Montiel', 					'2', 	'destro', 		'Difensore',		'1997-01-01', 	'Argentina', 			'1063000', 	'2026-06-30', 	'17000000', 	'13', 	'',				'Sevilla Futbol Club'),
	('JSNS85', 	'Jesús', 		'Navas', 					'16', 	'destro', 		'Difensore',		'1985-11-21', 	'Spagna', 				'1875000', 	'2024-06-30', 	'3000000', 		'14', 	'',				'Sevilla Futbol Club'),
	('TSDY91', 	'Thomas', 		'Delaney', 					'18', 	'sinistro', 	'Centrocampista',	'1991-09-03', 	'Danimarca', 			'5000000', 	'2025-06-30', 	'8000000', 		'17', 	'',				'Sevilla Futbol Club'),
	('NAGJ91', 	'Nemanja', 		'Gudelj', 					'6', 	'destro', 		'Centrocampista',	'1991-11-16', 	'Serbia', 				'2500000', 	'2023-06-30', 	'4000000', 		'23', 	'',				'Sevilla Futbol Club'),
	('FOLZ87', 	'Fernando', 	'Luiz', 					'25', 	'destro', 		'Centrocampista',	'1987-07-25', 	'Brasile', 				'2500000', 	'2024-06-30', 	'4000000', 		'9', 	'',				'Sevilla Futbol Club'),
	('JNJN94', 	'Joan', 		'Jordán', 					'8', 	'destro', 		'Centrocampista',	'1994-07-06', 	'Spagna', 				'1875000', 	'2027-06-30', 	'30000000', 	'19', 	'',				'Sevilla Futbol Club'),
	('ÓRTS94', 	'Óliver', 		'Torres', 					'21', 	'destro', 		'Centrocampista',	'1994-11-10', 	'Spagna', 				'5625000', 	'2024-06-30', 	'9000000', 		'14', 	'',				'Sevilla Futbol Club'),
	('INRC88', 	'Ivan', 		'Rakitic', 					'10', 	'destro', 		'Centrocampista',	'1988-03-10', 	'Croazia', 				'4375000', 	'2024-06-30', 	'7000000', 		'30', 	'',				'Sevilla Futbol Club'),
	('PUGZ88', 	'Papu', 		'Gómez', 					'24', 	'destro', 		'Centrocampista',	'1988-02-15', 	'Argentina', 			'3750000', 	'2024-06-30', 	'6000000', 		'10', 	'',				'Sevilla Futbol Club'),
	('LSOS94', 	'Lucas', 		'Ocampos', 					'5', 	'entrambi', 	'Centrocampista',	'1994-07-11', 	'Argentina', 			'1875000', 	'2024-06-30', 	'30000000', 	'31', 	'',				'Sevilla Futbol Club'),
	('EKLA92', 	'Erik', 		'Lamela', 					'17', 	'sinistro', 	'Attaccante',		'1992-03-04', 	'Argentina', 			'1250000', 	'2024-06-30', 	'20000000', 	'5', 	'',				'Sevilla Futbol Club'),
	('TOCA93', 	'Tecatito', 	'Corona', 					'9', 	'entrambi', 	'Attaccante',		'1993-01-06', 	'Messico', 				'1125000', 	'2025-06-30', 	'18000000', 	'21', 	'',				'Sevilla Futbol Club'),
	('SOJN93', 	'Suso', 		'Joaquín', 					'7', 	'sinistro', 	'Attaccante',		'1993-11-19', 	'Spagna', 				'1000000', 	'2025-06-30', 	'16000000', 	'9', 	'',				'Sevilla Futbol Club'),
	('YFEI97', 	'Youssef', 		'En-Nesyri', 				'15', 	'sinistro', 	'Attaccante',		'1997-06-01', 	'Marocco', 				'2188000', 	'2025-06-30', 	'35000000', 	'31', 	'',				'Sevilla Futbol Club'),
	('AYML95', 	'Anthony', 		'Martial', 					'22', 	'destro', 		'Attaccante',		'1995-12-05', 	'Francia', 				'1750000', 	'2025-06-30', 	'28000000', 	'13', 	'',				'Sevilla Futbol Club'),
	('RAMR97', 	'Rafa', 		'Mir', 						'12', 	'destro', 		'Attaccante',		'1997-06-18', 	'Spagna', 				'1000000', 	'2027-06-30', 	'16000000', 	'27', 	'',				'Sevilla Futbol Club'),
	('MREI95', 	'Munir', 		'El Haddadi', 				'11', 	'sinistro', 	'Attaccante',		'1995-09-01', 	'Marocco', 				'5000000', 	'2023-06-30', 	'8000000', 		'9', 	'',				'Sevilla Futbol Club'),
	('AÉOA96', 	'André', 		'Onana', 					'24', 	'destro', 		'Portiere',			'1996-04-02', 	'Camerun', 				'9375000', 	'2025-06-30', 	'15000000', 	'29', 	'',				'Amsterdam Football Club Ajax'),
	('JYGR00', 	'Jay', 			'Gorter', 					'16', 	'destro', 		'Portiere',			'2000-05-30', 	'Olanda', 				'9375000', 	'2025-06-30', 	'1500000', 		'15', 	'',				'Amsterdam Football Club Ajax'),
	('MNSG82', 	'Maarten', 		'Stekelenburg', 			'1', 	'destro', 		'Portiere',			'1982-09-22', 	'Olanda', 				'1875000', 	'2025-06-30', 	'300000', 		'7', 	'',				'Amsterdam Football Club Ajax'),
	('PWTN87', 	'Przemyslaw', 	'Tyton', 					'33', 	'destro', 		'Difensore',		'1987-01-04', 	'Polonia', 				'1875000', 	'2025-06-30', 	'300000', 		'20', 	'',				'Amsterdam Football Club Ajax'),
	('ROPR83', 	'Remko', 		'Pasveer', 					'32', 	'destro', 		'Difensore',		'1983-11-08', 	'Olanda', 				'1563000', 	'2023-06-30', 	'250000', 		'30', 	'',				'Amsterdam Football Club Ajax'),
	('LOMZ98', 	'Lisandro', 	'Martínez', 				'21',	'sinistro', 	'Difensore',		'1998-01-18', 	'Argentina', 			'2000000', 	'2025-06-30', 	'32000000', 	'7', 	'',				'Amsterdam Football Club Ajax'),
	('JNTR01', 	'Jurrien', 		'Timber', 					'2', 	'destro', 		'Difensore',		'2001-06-17', 	'Olanda', 				'1875000', 	'2024-06-30', 	'30000000', 	'12', 	'',				'Amsterdam Football Club Ajax'),
	('PRSS99', 	'Perr', 		'Schuurs', 					'3', 	'destro', 		'Difensore',		'1999-11-26', 	'Olanda', 				'5000000', 	'2025-06-30', 	'8000000', 		'23', 	'',				'Amsterdam Football Club Ajax'),
	('NSTO92', 	'Nicolás', 		'Tagliafico', 				'31', 	'sinistro', 	'Difensore',		'1992-08-31', 	'Argentina', 			'7500000', 	'2023-06-30', 	'12000000', 	'7', 	'',				'Amsterdam Football Club Ajax'),
	('DYBD90', 	'Daley', 		'Blind', 					'17', 	'sinistro', 	'Difensore',		'1990-03-09', 	'Olanda', 				'6250000', 	'2023-06-30', 	'10000000', 	'10', 	'',				'Amsterdam Football Club Ajax'),
	('NRMI97', 	'Noussair', 	'Mazraoui', 				'12', 	'destro', 		'Difensore',		'1997-11-14', 	'Marocco', 				'1250000', 	'2025-06-30', 	'20000000', 	'11', 	'',				'Amsterdam Football Club Ajax'),
	('DERH03', 	'Devyne', 		'Rensch', 					'15', 	'entrambi', 	'Difensore',		'2003-01-18', 	'Olanda', 				'5000000', 	'2025-06-30', 	'8000000', 		'26', 	'',				'Amsterdam Football Club Ajax'),
	('SNKR94', 	'Sean', 		'Klaiber', 					'5', 	'destro', 		'Difensore',		'1994-07-31', 	'Suriname', 			'1875000', 	'2023-06-30', 	'3000000', 		'9', 	'',				'Amsterdam Football Club Ajax'),
	('ENÁZ97', 	'Edson', 		'Álvarez', 					'4', 	'destro', 		'Difensore',		'1997-10-24', 	'Messico', 				'1250000', 	'2025-06-30', 	'20000000', 	'30', 	'',				'Amsterdam Football Club Ajax'),
	('RNGH02', 	'Ryan', 		'Gravenberch', 				'8', 	'destro', 		'Centrocampista',	'2002-05-16', 	'Olanda', 				'2188000', 	'2023-06-30', 	'35000000', 	'10', 	'',				'Amsterdam Football Club Ajax'),
	('MDKS00', 	'Mohammed', 	'Kudus', 					'20', 	'sinistro', 	'Centrocampista',	'2000-08-02', 	'Ghana', 				'6875000', 	'2025-06-30', 	'11000000', 	'11', 	'',				'Amsterdam Football Club Ajax'),
	('KHTR02', 	'Kenneth', 		'Taylor', 					'25', 	'sinistro', 	'Centrocampista',	'2002-05-16', 	'Olanda', 				'1875000', 	'2024-06-30', 	'3000000', 		'5', 	'',				'Amsterdam Football Club Ajax'),
	('DYKN93', 	'Davy', 		'Klaassen', 				'6', 	'destro', 		'Centrocampista',	'1993-02-21', 	'Olanda', 				'9375000', 	'2024-06-30', 	'15000000', 	'21', 	'',				'Amsterdam Football Club Ajax'),
	('MDIN02', 	'Mohamed', 		'Ihattaren', 				'27', 	'sinistro', 	'Centrocampista',	'2002-02-12', 	'Olanda', 				'3125000', 	'2023-06-30', 	'5000000', 		'8', 	'',				'Amsterdam Football Club Ajax'),
	('ZALD93', 	'Zakaria', 		'Labyad', 					'19', 	'entrambi', 	'Centrocampista',	'1993-03-09', 	'Marocco', 				'2500000', 	'2025-06-30', 	'4000000', 		'21', 	'',				'Amsterdam Football Club Ajax'),
	('DNTĆ88', 	'Dusan', 		'Tadić', 					'10', 	'sinistro', 	'Centrocampista',	'1988-11-20', 	'Serbia', 				'8125000', 	'2024-06-30', 	'13000000', 	'25', 	'',				'Amsterdam Football Club Ajax'),
	('MDDY02', 	'Mohamed', 		'Daramy', 					'30', 	'destro', 		'Centrocampista',   '2002-01-07', 	'Danimarca', 			'4375000', 	'2026-06-30', 	'7000000', 		'12', 	'',				'Amsterdam Football Club Ajax'),
	('AYDS00', 	'Antony', 		'dos Santos', 				'11', 	'sinistro', 	'Attaccante',		'2000-02-24', 	'Brasile', 				'2188000', 	'2025-06-30', 	'35000000', 	'16', 	'',				'Amsterdam Football Club Ajax'),
	('SNBS91', 	'Steven', 		'Berghuis', 				'23', 	'sinistro', 	'Attaccante',		'1991-12-19', 	'Olanda', 				'9375000', 	'2025-06-30', 	'15000000', 	'24', 	'',				'Amsterdam Football Club Ajax'),
	('SNHR94', 	'Sébastien', 	'Haller', 					'22', 	'destro', 		'Attaccante',		'1994-06-22', 	'Costa dAvorio', 		'1875000', 	'2025-06-30', 	'30000000', 	'13', 	'',				'Amsterdam Football Club Ajax'),
	('BNBY02', 	'Brian', 		'Brobbey', 					'18', 	'destro', 		'Attaccante',		'2002-02-01', 	'Olanda', 				'4688000', 	'2025-06-30', 	'7500000', 		'15', 	'Gatorade',		'Amsterdam Football Club Ajax'),
	('DOPA99', 	'Danilo', 		'Pereira', 					'9', 	'destro', 		'Attaccante',		'1999-04-07', 	'Brasile', 				'2625000', 	'2025-06-30', 	'4200000', 		'30', 	'',				'Amsterdam Football Club Ajax'),
	('AXMT97', 	'Alex', 		'Meret', 					'1', 	'sinistro', 	'Portiere',			'1997-03-22', 	'Italia', 				'7500000', 	'2023-06-30', 	'12000000', 	'12', 	'',				'Società Sportiva Calcio Napoli'),
	('DDOA88', 	'David', 		'Ospina', 					'25', 	'destro', 		'Portiere',			'1988-08-31', 	'Colombia', 			'3125000', 	'2025-06-30', 	'5000000', 		'21', 	'',				'Società Sportiva Calcio Napoli'),
	('DEMA99', 	'Davide', 		'Marfella', 				'12', 	'destro', 		'Portiere',			'1999-09-15', 	'Italia', 				'310000', 	'2023-06-30', 	'50000', 		'19', 	'',				'Società Sportiva Calcio Napoli'),
	('KUKY91', 	'Kalidou', 		'Koulibaly', 				'26', 	'destro', 		'Difensore',		'1991-06-20', 	'Senegal', 				'2813000', 	'2023-06-30', 	'45000000', 	'14', 	'',				'Società Sportiva Calcio Napoli'),
	('ARRI94', 	'Amir', 		'Rrahmani', 				'13', 	'entrambi', 	'Difensore',		'1994-02-24', 	'Kosovo', 				'1563000', 	'2024-06-30', 	'25000000', 	'8', 	'',				'Società Sportiva Calcio Napoli'),
	('ALTE97', 	'Axel', 		'Tuanzebe', 				'3', 	'destro', 		'Difensore',		'1997-11-14', 	'Inghilterra', 			'5000000', 	'2025-06-30', 	'8000000', 		'11', 	'',				'Società Sportiva Calcio Napoli'),
	('JNJS91', 	'Juan', 		'Jesus', 					'5', 	'sinistro', 	'Difensore',		'1991-06-10', 	'Brasile', 				'2500000', 	'2025-06-30', 	'4000000', 		'12', 	'',				'Società Sportiva Calcio Napoli'),
	('MORI91',	'Mário', 		'Rui', 						'6', 	'sinistro', 	'Difensore',		'1991-05-27', 	'Portogallo', 			'5000000', 	'2025-06-30', 	'8000000', 		'16', 	'',				'Società Sportiva Calcio Napoli'),
	('FIGM91', 	'Faouzi', 		'Ghoulam', 					'31', 	'sinistro', 	'Difensore',		'1991-02-01', 	'Algeria', 				'1125000', 	'2025-06-30', 	'1800000', 		'24', 	'',				'Società Sportiva Calcio Napoli'),
	('GIDO93', 	'Giovanni', 	'Di Lorenzo', 				'22', 	'destro', 		'Difensore',		'1993-08-04', 	'Italia', 				'1563000', 	'2026-06-30', 	'25000000', 	'7', 	'',				'Società Sportiva Calcio Napoli'),
	('KNMT91', 	'Kévin', 		'Malcuit', 					'2', 	'destro', 		'Difensore',		'1991-07-31', 	'Francia', 				'1250000', 	'2025-06-30', 	'2000000', 		'21', 	'',				'Società Sportiva Calcio Napoli'),
	('AOZI00', 	'Alessandro', 	'Zanoli', 					'59', 	'destro', 		'Centrocampista',	'2000-10-03', 	'Italia', 				'6250000', 	'2023-06-30', 	'1000000', 		'18', 	'',				'Società Sportiva Calcio Napoli'),
	('AÉZA95', 	'André', 		'Zambo Anguissa', 			'99', 	'destro', 		'Centrocampista',	'1995-11-16', 	'Camerun', 				'1875000', 	'2025-06-30', 	'30000000', 	'9', 	'',				'Società Sportiva Calcio Napoli'),
	('SVLA94', 	'Stanislav', 	'Lobotka', 					'68', 	'entrambi', 	'Centrocampista',	'1994-11-25', 	'Slovacchia', 			'9375000', 	'2025-06-30', 	'15000000', 	'31', 	'',				'Società Sportiva Calcio Napoli'),
	('DODE91', 	'Diego', 		'Demme', 					'4', 	'destro', 		'Centrocampista',	'1991-11-21', 	'Germania', 			'6250000',	'2024-06-30', 	'10000000', 	'23', 	'',				'Società Sportiva Calcio Napoli'),
	('FNRZ96', 	'Fabián', 		'Ruiz', 					'8', 	'sinistro', 	'Centrocampista',	'1996-04-03', 	'Spagna', 				'3438000', 	'2023-06-30', 	'55000000', 	'23', 	'',				'Società Sportiva Calcio Napoli'),
	('PRZI94', 	'Piotr', 		'Zielinski', 				'20', 	'entrambi', 	'Centrocampista',	'1994-05-20', 	'Polonia', 				'3125000', 	'2024-06-30', 	'50000000', 	'19', 	'',				'Società Sportiva Calcio Napoli'),
	('EFES99', 	'Eljif', 		'Elmas', 					'7', 	'destro', 		'Centrocampista',	'1999-09-24', 	'Macedonia del Nord', 	'1500000', 	'2025-06-30', 	'24000000', 	'10', 	'',				'Società Sportiva Calcio Napoli'),
	('LOIE91', 	'Lorenzo', 		'Insigne', 					'24', 	'destro', 		'Attaccante',		'1991-06-04', 	'Italia', 				'1563000', 	'2025-06-30', 	'25000000', 	'12', 	'',				'Società Sportiva Calcio Napoli'),
	('HGLO95', 	'Hirving', 		'Lozano', 					'11', 	'destro', 		'Attaccante',		'1995-07-30', 	'Messico', 				'2188000', 	'2024-06-30', 	'35000000', 	'24', 	'',				'Società Sportiva Calcio Napoli'),
	('MOPO93', 	'Matteo', 		'Politano', 				'21', 	'sinistro', 	'Attaccante',		'1993-08-03', 	'Italia', 				'1688000', 	'2024-06-30', 	'27000000', 	'29', 	'',				'Società Sportiva Calcio Napoli'),
	('AMOS96', 	'Adam', 		'Ounas', 					'33', 	'sinistro', 	'Attaccante',		'1996-11-11', 	'Algeria', 				'5000000', 	'2023-06-30', 	'8000000', 		'6', 	'',				'Società Sportiva Calcio Napoli'),
	('VRON98', 	'Victor', 		'Osimhen', 					'9', 	'destro', 		'Attaccante',		'1998-12-25', 	'Nigeria', 				'3750000', 	'2025-06-30', 	'60000000', 	'30', 	'',				'Società Sportiva Calcio Napoli'),
	('AAPA95', 	'Andrea', 		'Petagna', 					'37', 	'sinistro', 	'Attaccante',		'1995-06-30', 	'Italia', 				'8125000', 	'2024-06-30', 	'13000000', 	'7', 	'',				'Società Sportiva Calcio Napoli'),
	('DSMS87', 	'Dries', 		'Mertens', 					'14', 	'destro', 		'Attaccante',		'1987-05-06', 	'Belgio', 				'3125000', 	'2025-06-30', 	'5000000', 		'7', 	'',				'Società Sportiva Calcio Napoli'),
	('JEHT87', 	'Joe', 			'Hart', 					'15', 	'destro', 		'Portiere',			'1987-04-19', 	'Inghilterra', 			'1125000', 	'2024-05-31', 	'1800000', 		'5', 	'',				'Celtic Football Club'),
	('VSBS94', 	'Vasilis', 		'Barkas', 					'1', 	'sinistro', 	'Portiere',			'1994-05-30', 	'Grecia', 				'9375000', 	'2024-05-31', 	'1500000', 		'27', 	'',				'Celtic Football Club'),
	('STBN91', 	'Scott', 		'Bain', 					'29',	'destro', 		'Portiere',			'1991-11-22', 	'Scozia', 				'5000000', 	'2024-05-31', 	'800000', 		'8', 	'',				'Celtic Football Club'),
	('CRJN93', 	'Christopher', 	'Jullien', 					'2', 	'destro', 		'Difensore',		'1993-03-22', 	'Francia', 				'3438000', 	'2023-05-31', 	'5500000', 		'8', 	'',				'Celtic Football Club'),
	('CLST95', 	'Carl', 		'Starfelt', 				'4', 	'destro', 		'Difensore',		'1995-06-01', 	'Svezia', 				'2500000', 	'2025-05-31', 	'4000000', 		'9', 	'',				'Celtic Football Club'),
	('CNCS97', 	'Cameron', 		'Carter-Vickers', 			'20', 	'destro', 		'Difensore',		'1997-12-31', 	'Stati Uniti', 			'1875000', 	'2025-06-30', 	'3000000', 		'11', 	'',				'Celtic Football Club'),
	('SNWH00', 	'Stephen', 		'Welsh', 					'57', 	'destro',		'Difensore',		'2000-01-19',	'Scozia', 				'9375000', 	'2025-05-31', 	'1500000', 		'11', 	'',				'Celtic Football Club'),
	('LMSS98', 	'Liam', 		'Scales', 					'5', 	'sinistro', 	'Difensore',		'1998-08-08', 	'Irlanda', 				'3750000', 	'2025-05-31', 	'600000', 		'26', 	'',				'Celtic Football Club'),
	('GGTR97', 	'Greg', 		'Taylor', 					'3', 	'sinistro', 	'Difensore',		'1997-11-05', 	'Scozia', 				'1094000', 	'2025-05-31', 	'1750000', 		'23', 	'',				'Celtic Football Club'),
	('BIBI95', 	'Boli', 		'Bolingoli', 				'23', 	'sinistro', 	'Difensore',		'1995-07-01', 	'Belgio', 				'9375000', 	'2023-05-31', 	'1500000', 		'27', 	'',				'Celtic Football Club'),
	('JPJC95', 	'Josip', 		'Juranovic', 				'88', 	'destro', 		'Difensore',		'1995-08-16', 	'Croazia', 				'2500000', 	'2026-05-31', 	'4000000', 		'7', 	'',				'Celtic Football Club'),
	('AYRN98', 	'Anthony', 		'Ralston', 					'56', 	'destro', 		'Difensore',		'1998-11-16', 	'Scozia', 				'1125000', 	'2025-05-31', 	'1800000', 		'24', 	'',				'Celtic Football Club'),
	('IASO98', 	'Ismaila', 		'Soro', 					'12', 	'destro', 		'Difensore',		'1998-05-07', 	'Costa dAvorio', 		'5625000', 	'2024-05-31', 	'900000', 		'31', 	'',				'Celtic Football Club'),
	('NRBN91', 	'Nir', 			'Bitton', 					'6', 	'destro', 		'Difensore',		'1991-10-30', 	'Israele', 				'5000000', 	'2023-05-31', 	'800000', 		'10', 	'',				'Celtic Football Club'),
	('KRMY00', 	'Kerr', 		'McInroy', 					'55', 	'sinistro', 	'Centrocampista',	'2000-08-31', 	'Scozia', 				'1250000', 	'2026-05-31', 	'200000', 		'22', 	'',				'Celtic Football Club'),
	('CMMR93', 	'Callum', 		'McGregor', 				'42', 	'sinistro', 	'Centrocampista',	'1993-06-14', 	'Scozia', 				'4688000', 	'2026-05-31', 	'7500000', 		'23', 	'',				'Celtic Football Club'),
	('DDTL99', 	'David', 		'Turnbull', 				'14', 	'entrambi', 	'Centrocampista',	'1999-07-10', 	'Scozia', 				'4063000', 	'2024-05-31', 	'6500000', 		'5', 	'',				'Celtic Football Club'),
	('JSMY90', 	'James', 		'McCarthy', 				'16', 	'destro', 		'Centrocampista',	'1990-11-12', 	'Irlanda', 				'1563000', 	'2025-05-31', 	'2500000', 		'11', 	'',				'Celtic Football Club'),
	('ROHE97', 	'Reo', 			'Hatate', 					'41', 	'destro', 		'Centrocampista',	'1997-11-21', 	'Giappone', 			'7500000', 	'2026-05-31', 	'1200000', 		'9', 	'',				'Celtic Football Club'),
	('YEII96', 	'Yosuke', 		'Ideguchi', 				'21', 	'destro', 		'Centrocampista',	'1996-08-23', 	'Giappone', 			'5625000', 	'2026-06-30', 	'900000', 		'10', 	'',				'Celtic Football Club'),
	('MTOY00', 	'Matt', 		'ORiley', 					'33', 	'sinistro', 	'Centrocampista',	'2000-11-21', 	'Danimarca', 			'2813000', 	'2026-05-31', 	'450000', 		'13', 	'',				'Celtic Football Club'),
	('DEMY03', 	'Dane', 		'Murray', 					'47', 	'destro', 		'Centrocampista',	'2003-06-26', 	'Scozia', 				'6000', 	'2024-05-31', 	'100000', 		'20', 	'',				'Celtic Football Club'),
	('JSFT91', 	'James', 		'Forrest', 					'49', 	'destro', 		'Attaccante',		'1991-07-07', 	'Scozia', 				'3750000', 	'2025-05-31', 	'6000000', 		'26', 	'',				'Celtic Football Club'),
	('TMRC92', 	'Tom', 			'Rogic', 					'18', 	'destro', 		'Attaccante',		'1992-12-16', 	'Australia', 			'9375000', 	'2023-05-31', 	'1500000', 		'11', 	'',				'Celtic Football Club'),
	('KOFI95', 	'Kyogo', 		'Furuhashi', 				'8', 	'destro', 		'Attaccante',		'1995-01-20', 	'Giappone', 			'3438000', 	'2025-05-31', 	'5500000', 		'19', 	'',				'Celtic Football Club'),
	('JAPE99', 	'Jota', 		'Pedro Neves Filipe', 		'17', 	'entrambi', 	'Attaccante',		'1999-03-30', 	'Portogallo', 			'3438000', 	'2026-05-31', 	'5500000', 		'11', 	'',				'Celtic Football Club'),
	('DNMA97', 	'Daizen', 		'Maeda', 					'38', 	'destro', 		'Attaccante',		'1997-10-20', 	'Giappone', 			'1000000', 	'2025-06-30', 	'1600000', 		'26', 	'',				'Celtic Football Club'),
	('MYJN99', 	'Mikey', 		'Johnston', 				'19', 	'sinistro',		'Attaccante',		'1999-04-19', 	'Scozia', 				'6250000', 	'2025-05-31', 	'1000000', 		'22', 	'Gatorade',		'Celtic Football Club'),
	('LLAA01', 	'Liel', 		'Abada', 					'11', 	'destro', 		'Attaccante',		'2001-10-03', 	'Israele', 				'2813000', 	'2026-05-31', 	'4500000', 		'22', 	'',				'Celtic Football Club'),
	('KODÉ03', 	'Karamoko', 	'Dembélé', 					'77', 	'sinistro', 	'Attaccante',		'2003-02-22', 	'Inghilterra', 			'1563000', 	'2026-05-31', 	'250000', 		'14', 	'',				'Celtic Football Club'),
	('ANAI97', 	'Albian', 		'Ajeti', 					'10', 	'destro', 		'Attaccante',		'1997-02-26', 	'Svizzera', 			'1563000', 	'2024-05-31', 	'2500000', 		'17', 	'',				'Celtic Football Club'),
	('GSGS94', 	'Georgios', 	'Giakoumakis', 				'7', 	'destro', 		'Attaccante',		'1994-12-09', 	'Grecia', 				'1250000', 	'2026-05-31', 	'2000000', 		'20', 	'',				'Celtic Football Club'),
	('JYKY03', 	'Johnny', 		'Kenny', 					'24', 	'destro', 		'Attaccante',		'2003-06-06', 	'Irlanda', 				'1094000', 	'31/dic/2026', 	'175000', 		'29', 	'',				'Celtic Football Club'),
	('IIPA99', 	'Iñaki', 		'Peña', 					'26', 	'destro', 		'Attaccante',		'1999-03-02', 	'Spagna', 				'2625000', 	'2025-06-30', 	'4200000', 		'9', 	'',				'Galatasaray Spor Kulübü'),
	('FOMA86', 	'Fernando', 	'Muslera', 					'1', 	'destro', 		'Portiere',			'1986-06-16', 	'Uruguay', 				'1313000', 	'2024-06-30', 	'2100000', 		'12', 	'',				'Galatasaray Spor Kulübü'),
	('ILCE95', 	'Ismail', 		'Cipe', 					'13', 	'destro', 		'Portiere',			'1995-01-05', 	'Turchia', 				'6000', 	'2023-06-30', 	'100000', 		'28', 	'',				'Galatasaray Spor Kulübü'),
	('FHÖK86', 	'Fatih', 		'Öztürk', 					'99', 	'destro', 		'Portiere',			'1986-12-22', 	'Turchia', 				'1000', 	'2025-06-30', 	'25000', 		'31', 	'',				'Galatasaray Spor Kulübü'),
	('MOTA96', 	'Marcão', 		'Teixeira', 				'45', 	'sinistro', 	'Difensore',		'1996-06-05', 	'Brasile', 				'8750000', 	'2024-06-30', 	'14000000', 	'10', 	'',				'Galatasaray Spor Kulübü'),
	('VRNN98', 	'Victor', 		'Nelsson', 					'25', 	'destro', 		'Difensore',		'1998-10-14', 	'Danimarca', 			'6250000', 	'2026-06-30', 	'10000000', 	'10', 	'',				'Galatasaray Spor Kulübü'),
	('ANÖK93', 	'Alpaslan', 	'Öztürk', 					'5', 	'destro', 		'Difensore',		'1993-07-16', 	'Turchia', 				'9375000', 	'2024-06-30', 	'1500000', 		'17', 	'',				'Galatasaray Spor Kulübü'),
	('SHKA91', 	'Semih', 		'Kaya', 					'88', 	'destro', 		'Difensore',		'1991-02-24', 	'Turchia', 				'2969000', 	'2025-06-30', 	'475000', 		'30', 	'',				'Galatasaray Spor Kulübü'),
	('KNAN01', 	'Kaan', 		'Arslan', 					'24', 	'destro', 		'Difensore',		'2001-01-28', 	'Turchia', 				'1094000', 	'2025-06-30', 	'175000', 		'18', 	'',				'Galatasaray Spor Kulübü'),
	('PKVT90', 	'Patrick', 		'Van Aanholt', 				'6', 	'sinistro', 	'Difensore',		'1990-08-29', 	'Olanda', 				'2813000', 	'2024-06-30', 	'4500000', 		'14', 	'',				'Galatasaray Spor Kulübü'),
	('ÖRBM91', 	'Ömer', 		'Bayram', 					'19', 	'sinistro', 	'Difensore',		'1991-07-27', 	'Turchia', 				'2813000', 	'2024-06-30', 	'450000', 		'6', 	'',				'Galatasaray Spor Kulübü'),
	('SABY00', 	'Sacha', 		'Boey', 					'93', 	'destro', 		'Difensore',		'2000-09-13', 	'Camerun', 				'2500000', 	'2025-06-30', 	'4000000', 		'11', 	'',				'Galatasaray Spor Kulübü'),
	('OREI91', 	'Omar', 		'Elabdellaoui', 			'3', 	'destro', 		'Centrocampista',	'1991-12-05', 	'Norvegia', 			'8125000', 	'2023-06-30', 	'1300000', 		'6', 	'',				'Galatasaray Spor Kulübü'),
	('EKPR94', 	'Erick', 		'Pulgar', 					'15', 	'destro', 		'Centrocampista',	'1994-01-15', 	'Cile', 				'4375000', 	'2025-06-30', 	'7000000', 		'9', 	'',				'Galatasaray Spor Kulübü'),
	('TNAI95', 	'Taylan', 		'Antalyali', 				'4', 	'destro', 		'Centrocampista',	'1995-01-08', 	'Turchia', 				'2563000', 	'2026-06-30', 	'4100000', 		'18', 	'',				'Galatasaray Spor Kulübü'),
	('BGEZ03', 	'Bartug', 		'Elmaz', 					'63', 	'destro', 		'Centrocampista',	'2003-02-19', 	'Turchia', 				'1250000', 	'2025-06-30', 	'200000', 		'19', 	'',				'Galatasaray Spor Kulübü'),
	('AUCU97', 	'Alexandru', 	'Cicaldau', 				'33', 	'destro', 		'Centrocampista',	'1997-07-08', 	'Romania', 				'5000000', 	'2026-06-30', 	'8000000', 		'27', 	'',				'Galatasaray Spor Kulübü'),
	('BNKU98', 	'Berkan', 		'Kutlu', 					'22', 	'sinistro', 	'Centrocampista',	'1998-01-25', 	'Turchia', 				'3125000', 	'2026-06-30', 	'5000000', 		'18', 	'',				'Galatasaray Spor Kulübü'),
	('KMAU98', 	'Kerem', 		'Aktürkoglu', 				'7', 	'destro', 		'Centrocampista',	'1998-10-21', 	'Turchia', 				'9375000', 	'2026-06-30', 	'15000000', 	'31', 	'',				'Galatasaray Spor Kulübü'),
	('BSYZ00', 	'Baris', 		'Yilmaz', 					'53', 	'destro', 		'Centrocampista',	'2000-05-23', 	'Turchia', 				'1063000', 	'2026-06-30', 	'1700000', 		'5', 	'',				'Galatasaray Spor Kulübü'),
	('RNBL86', 	'Ryan', 		'Babel', 					'8', 	'destro', 		'Attaccante',		'1986-12-19', 	'Olanda', 				'2656000', 	'2025-06-30', 	'425000', 		'26', 	'',				'Galatasaray Spor Kulübü'),
	('AATN87', 	'Arda', 		'Turan', 					'66', 	'destro', 		'Attaccante',		'1987-01-30', 	'Turchia', 				'1094000', 	'2025-06-30', 	'175000', 		'9', 	'',				'Galatasaray Spor Kulübü'),
	('OUMN99', 	'Olimpiu', 		'Morutan', 					'21', 	'sinistro', 	'Attaccante',		'1999-04-25', 	'Romania', 				'2688000', 	'2026-06-30', 	'4300000', 		'22', 	'',				'Galatasaray Spor Kulübü'),
	('EEKC94', 	'Emre', 		'Kilinc', 					'54', 	'sinistro', 	'Attaccante',		'1994-08-23', 	'Turchia', 				'2125000', 	'2024-06-30', 	'3400000', 		'31',	'',				'Galatasaray Spor Kulübü'),
	('SEFI89', 	'Sofiane', 		'Feghouli', 				'89', 	'destro', 		'Attaccante',		'1989-12-26', 	'Algeria', 				'1000000', 	'2025-06-30', 	'1600000', 		'19',	'',				'Galatasaray Spor Kulübü'),
	('MAMD97', 	'Mostafa', 		'Mohamed', 					'11', 	'destro', 		'Attaccante',		'1997-11-28', 	'Egitto', 				'4063000', 	'2025-06-30', 	'6500000', 		'22', 	'',				'Galatasaray Spor Kulübü'),
	('HLDU99', 	'Halil', 		'Dervisoglu', 				'67', 	'destro', 		'Attaccante',		'1999-12-08', 	'Turchia', 				'1875000', 	'2025-06-30', 	'3000000', 		'20', 	'',				'Galatasaray Spor Kulübü'),
	('BIGS85', 	'Bafétimbi', 	'Gomis', 					'18', 	'destro', 		'Attaccante',		'1985-08-06', 	'Francia', 				'6250000', 	'2023-06-30', 	'1000000', 		'31', 	'',				'Galatasaray Spor Kulübü'),
	('DOCA99', 	'Diogo', 		'Costa', 					'99', 	'destro', 		'Portiere',			'1999-09-19', 	'Portogallo', 			'1000000', 	'2026-06-30', 	'16000000', 	'24', 	'',				'Futebol Clube do Porto'),
	('ANMN88', 	'Agustín', 		'Marchesín', 				'1', 	'destro', 		'Portiere',			'1988-03-16', 	'Argentina', 			'3750000', 	'2023-06-30', 	'6000000', 		'25', 	'',				'Futebol Clube do Porto'),
	('CORS91', 	'Cláudio', 		'Ramos', 					'14', 	'destro', 		'Portiere',			'1991-11-16', 	'Portogallo', 			'9375000', 	'2024-06-30', 	'1500000', 		'24', 	'',				'Futebol Clube do Porto'),
	('MAMU94', 	'Mbemba', 		'Mangulu', 					'19', 	'destro', 		'Difensore',		'1994-08-08', 	'RD del Congo',			'9375000', 	'2025-06-30', 	'15000000', 	'9', 	'',				'Futebol Clube do Porto'),
	('RNSO94', 	'Rúben', 		'Semedo', 					'35', 	'destro', 		'Difensore',		'1994-04-04', 	'Portogallo', 			'3125000', 	'2025-06-30', 	'5000000', 		'19', 	'',				'Futebol Clube do Porto'),
	('FOCO94', 	'Fábio', 		'Cardoso', 					'2', 	'destro', 		'Difensore',		'1994-04-19', 	'Portogallo', 			'1875000', 	'2026-06-30', 	'3000000', 		'24', 	'Gatorade',		'Futebol Clube do Porto'),
	('PELA83', 	'Pepe', 		'Laveran Lima Ferreira', 	'3', 	'destro', 		'Difensore',		'1983-02-26', 	'Portogallo', 			'6250000', 	'2023-06-30', 	'1000000', 		'8', 	'',				'Futebol Clube do Porto'),
	('INMO87', 	'Iván', 		'Marcano', 					'5', 	'sinistro', 	'Difensore',		'1987-06-23', 	'Spagna', 				'5000000', 	'2023-06-30', 	'800000', 		'9', 	'',				'Futebol Clube do Porto'),
	('ZUSI97', 	'Zaidu', 		'Sanusi', 					'12', 	'sinistro', 	'Difensore',		'1997-06-13', 	'Nigeria',	 			'5000000', 	'2025-06-30', 	'8000000', 		'28', 	'',				'Futebol Clube do Porto'),
	('WLNO93', 	'Wendell', 		'Nascimento', 				'22', 	'sinistro', 	'Difensore',		'1993-07-20', 	'Brasile', 				'3750000', 	'2025-06-30', 	'6000000', 		'23', 	'',				'Futebol Clube do Porto'),
	('JOMO00', 	'João', 		'Mário', 					'23', 	'entrambi', 	'Centrocampista',	'2000-01-03', 	'Portogallo', 			'7500000', 	'2025-06-30', 	'12000000', 	'5', 	'',				'Futebol Clube do Porto'),
	('WNMÁ94', 	'Wilson', 		'Manafá', 					'18', 	'destro', 		'Centrocampista',	'1994-07-23', 	'Portogallo', 			'3438000', 	'2023-06-30', 	'5500000', 		'21', 	'',				'Futebol Clube do Porto'),
	('MSUE91', 	'Mateus', 		'Uribe', 					'8', 	'destro', 		'Centrocampista',	'1991-03-21', 	'Colombia', 			'1000000', 	'2023-06-30', 	'16000000', 	'15', 	'',				'Futebol Clube do Porto'),
	('MOGC96', 	'Marko', 		'Grujic', 					'16', 	'destro', 		'Centrocampista',	'1996-04-13', 	'Serbia', 				'7500000', 	'2025-06-30', 	'12000000', 	'24', 	'',				'Futebol Clube do Porto'),
	('SNEO96', 	'Stephen', 		'Eustaquio', 				'46', 	'destro', 		'Centrocampista',	'1996-12-21', 	'Canada', 				'3125000', 	'2025-06-30', 	'5000000', 		'28', 	'',				'Futebol Clube do Porto'),
	('VAMO00', 	'Vitinha', 		'Machado', 					'20', 	'destro',		'Centrocampista',	'2000-02-13', 	'Portogallo', 			'1500000', 	'2024-06-30', 	'24000000', 	'23', 	'',				'Futebol Clube do Porto'),
	('BOCA97', 	'Bruno', 		'Costa', 					'28', 	'destro', 		'Centrocampista',	'1997-04-19', 	'Portogallo', 			'1563000', 	'2024-06-30', 	'2500000', 		'5', 	'',				'Futebol Clube do Porto'),
	('OOEN95', 	'Otávio', 		'Edmilson', 				'25', 	'destro', 		'Centrocampista',	'1995-02-09', 	'Portogallo', 			'1563000', 	'2025-06-30', 	'25000000', 	'28', 	'',				'Futebol Clube do Porto'),
	('FOCO02', 	'Francisco', 	'Conceição', 				'10', 	'sinistro', 	'Centrocampista',	'2002-12-14', 	'Portogallo', 			'5000000', 	'2023-06-30', 	'8000000', 		'18', 	'',				'Futebol Clube do Porto'),
	('PÊAO97', 	'Pepê', 		'Aquino',					'11', 	'destro', 		'Attaccante',		'1997-02-24', 	'Brasile', 				'9375000', 	'2026-06-30', 	'15000000', 	'9', 	'',				'Futebol Clube do Porto'),
	('GORS97', 	'Galeno', 		'Rodrigues', 				'13', 	'destro', 		'Attaccante',		'1997-10-22', 	'Brasile', 				'7500000', 	'2026-06-30', 	'12000000', 	'26', 	'',				'Futebol Clube do Porto'),
	('FOVA00', 	'Fábio', 		'Vieira', 					'50', 	'sinistro', 	'Attaccante',		'2000-05-30', 	'Portogallo', 			'1063000', 	'2025-06-30', 	'17000000', 	'13',	'',				'Futebol Clube do Porto'),
	('FOAE93', 	'Fernando', 	'Andrade', 					'38', 	'destro', 		'Attaccante',		'1993-01-08', 	'Brasile', 				'6250000', 	'2023-06-30', 	'1000000', 		'22', 	'',				'Futebol Clube do Porto'),
	('ENEN99', 	'Evanilson', 	'Evanilson', 				'30', 	'entrambi', 	'Attaccante',		'1999-10-06', 	'Brasile', 				'1250000', 	'2025-06-30', 	'20000000', 	'17', 	'',				'Futebol Clube do Porto'),
	('MITI92', 	'Mehdi', 		'Taremi', 					'9', 	'destro', 		'Attaccante',		'1992-07-18', 	'Iran', 				'1063000', 	'2024-06-30', 	'17000000', 	'30', 	'',				'Futebol Clube do Porto'),
	('TIMZ97', 	'Toni', 		'Martínez', 				'29', 	'destro', 		'Attaccante',		'1997-06-30', 	'Spagna', 				'3125000', 	'2025-06-30', 	'5000000', 		'15', 	'',				'Futebol Clube do Porto'),
	('AYLS90', 	'Anthony', 		'Lopes', 					'1', 	'sinistro', 	'Portiere',			'1990-10-01', 	'Portogallo', 			'7500000', 	'2023-06-30', 	'12000000', 	'13', 	'',				'Olympique Lyonnais'),
	('JNPK94', 	'Julian', 		'Pollersbeck', 				'30', 	'destro', 		'Portiere',			'1994-08-16', 	'Germania', 			'5000000', 	'2024-06-30', 	'800000', 		'24', 	'',				'Olympique Lyonnais'),
	('MMBA99', 	'Malcolm', 		'Barcola', 					'16', 	'destro', 		'Difensore',		'1999-05-14', 	'Togo', 				'1563000', 	'2025-06-30', 	'250000', 		'24', 	'',				'Olympique Lyonnais'),
	('JNDR95', 	'Jason', 		'Denayer', 					'5', 	'destro', 		'Difensore',		'1995-06-28', 	'Belgio', 				'1063000', 	'2025-06-30', 	'17000000', 	'11', 	'',				'Olympique Lyonnais'),
	('COLA02', 	'Castello', 	'Lukeba', 					'4', 	'sinistro', 	'Difensore',		'2002-12-17', 	'Francia', 				'9375000', 	'2025-06-30', 	'15000000', 	'19', 	'',				'Olympique Lyonnais'),
	('SYDÉ01', 	'Sinaly', 		'Diomandé', 				'2', 	'destro', 		'Difensore',		'2001-04-09', 	'Costa dAvorio', 		'4375000', 	'2025-06-30', 	'7000000', 		'10', 	'',				'Olympique Lyonnais'),
	('JEBG88', 	'Jérôme', 		'Boateng', 					'27', 	'destro', 		'Difensore',		'1988-09-03', 	'Germania', 			'3125000', 	'2023-06-30', 	'5000000', 		'16', 	'',				'Olympique Lyonnais'),
	('DNDA88', 	'Damien', 		'Da Silva', 				'21', 	'destro', 		'Difensore',		'1988-05-17', 	'Francia', 				'9375000', 	'2023-06-30', 	'1500000', 		'25', 	'',				'Olympique Lyonnais'),
	('ENPI94', 	'Emerson', 		'Palmieri', 				'3', 	'sinistro', 	'Difensore',		'1994-08-03', 	'Italia', 				'8750000', 	'2025-06-30', 	'14000000', 	'14', 	'',				'Olympique Lyonnais'),
	('HEMS94', 	'Henrique', 	'Milagres', 				'12', 	'sinistro', 	'Difensore',		'1994-04-25', 	'Brasile', 				'6250000', 	'2024-06-30', 	'1000000', 		'27', 	'',				'Olympique Lyonnais'),
	('LODS94', 	'Léo', 			'Dubois', 					'14', 	'destro', 		'Difensore',		'1994-09-14', 	'Francia', 				'8750000', 	'2024-06-30', 	'14000000', 	'25', 	'Gatorade',		'Olympique Lyonnais'),
	('MOGO03', 	'Malo', 		'Gusto', 					'17', 	'destro', 		'Difensore',		'2003-05-19', 	'Francia', 				'5625000', 	'2024-06-30', 	'9000000', 		'27', 	'',				'Olympique Lyonnais'),
	('TOMS92', 	'Thiago', 		'Mendes', 					'23', 	'destro', 		'Centrocampista',	'1992-03-15', 	'Brasile', 				'6250000', 	'2023-06-30', 	'10000000', 	'8', 	'',				'Olympique Lyonnais'),
	('TYNÉ96',	'Tanguy', 		'Ndombélé', 				'28', 	'destro', 		'Centrocampista',	'1996-12-28', 	'Francia', 				'2188000', 	'2025-06-30', 	'35000000', 	'13', 	'',				'Olympique Lyonnais'),
	('HMAR98', 	'Houssem', 		'Aouar', 					'8', 	'destro', 		'Centrocampista',	'1998-06-30',	'Francia', 				'1875000', 	'2023-06-30', 	'30000000', 	'20', 	'',				'Olympique Lyonnais'),
	('MECT00', 	'Maxence', 		'Caqueret', 				'25', 	'destro', 		'Centrocampista',	'2000-02-15',	'Francia', 				'1250000', 	'2026-06-30', 	'20000000', 	'25', 	'',				'Olympique Lyonnais'),
	('PECH97', 	'Pape', 		'Cheikh', 					'24', 	'destro', 		'Centrocampista',	'1997-08-08', 	'Senegal', 				'1250000', 	'2025-06-30', 	'2000000', 		'24', 	'',				'Olympique Lyonnais'),
	('HBKA02', 	'Habib', 		'Keïta', 					'19', 	'sinistro', 	'Centrocampista',	'2002-02-05', 	'Mali', 				'6250000', 	'2025-06-30', 	'1000000', 		'21', 	'',				'Olympique Lyonnais'),
	('RNFE98', 	'Romain', 		'Faivre', 					'15', 	'sinistro', 	'Centrocampista',	'1998-07-14', 	'Francia', 				'9375000', 	'2026-06-30', 	'15000000', 	'24', 	'',				'Olympique Lyonnais'),
	('LSPÁ97', 	'Lucas', 		'Paquetá', 					'10', 	'sinistro', 	'Centrocampista',	'1997-08-27', 	'Brasile', 				'2188000', 	'2025-06-30', 	'35000000', 	'5', 	'',				'Olympique Lyonnais'),
	('JFRE98', 	'Jeff', 		'Reine-Adélaïde', 			'22', 	'destro', 		'Centrocampista',	'1998-01-17', 	'Francia', 				'1063000', 	'2024-06-30', 	'17000000', 	'29', 	'',				'Olympique Lyonnais'),
	('KLTI92', 	'Karl', 		'Toko Ekambi', 				'7',	'destro', 		'Attaccante',		'1992-09-14', 	'Camerun', 				'9375000', 	'2024-06-30', 	'15000000', 	'25', 	'',				'Olympique Lyonnais'),
	('LYPR00', 	'Lenny', 		'Pintor', 					'31', 	'destro', 		'Attaccante',		'2000-08-05', 	'Francia', 				'1250000', 	'2023-06-30', 	'2000000', 		'8', 	'',				'Olympique Lyonnais'),
	('BYBA02', 	'Bradley', 		'Barcola', 					'26',	'destro', 		'Attaccante',		'2002-09-02', 	'Francia', 				'3125000', 	'2026-06-30', 	'500000', 		'30', 	'',				'Olympique Lyonnais'),
	('RNCI03', 	'Rayan', 		'Cherki', 					'18', 	'entrambi', 	'Attaccante',		'2003-08-17', 	'Francia', 				'1250000', 	'2023-06-30', 	'20000000', 	'9', 	'',				'Olympique Lyonnais'),
	('TÊCO00', 	'Tetê', 		'Cardoso', 					'20', 	'sinistro', 	'Attaccante',		'2000-02-15', 	'Brasile', 				'1250000', 	'2025-06-30', 	'20000000', 	'11', 	'',				'Olympique Lyonnais'),
	('MADÉ96', 	'Moussa', 		'Dembélé', 					'9', 	'destro', 		'Attaccante',		'1996-07-12', 	'Francia', 				'1063000', 	'2023-06-30', 	'17000000', 	'12',	'',				'Olympique Lyonnais'),
	('TOKE96', 	'Tino', 		'Kadewere', 				'11', 	'destro', 		'Attaccante',		'1996-01-05', 	'Zimbabwe',				'5000000', 	'2024-06-30', 	'8000000', 		'11', 	'',				'Olympique Lyonnais');

INSERT INTO ALLENATORE (CF, NOME, COGNOME, DATA_NASCITA, NAZIONALITA, STIPENDIO, ANNI_CONTRATTO, MODULO, MEDIA_PTI, NOME_CLUB) VALUES
	('JPGA71', 	'Josep', 			'Guardiola', 	'1971-01-18',	'Spagna',		'23000000',	'2024-06-30',	'4-3-3',	'2,25',		'Manchester City'),
	('MOAI67', 	'Massimiliano',		'Allegri', 		'1967-08-11',	'Italia',		'7000000',	'2027-06-30',	'4-4-2',	'1,94',		'Juventus Football Club'),
	('SEII76', 	'Simone', 			'Inzaghi', 		'1976-04-05',	'Italia',		'4500000',	'2024-06-30',	'3-5-2',	'2,14',		'Football Club Internazionale Milano'),
	('SOPI65', 	'Stefano', 			'Pioli', 		'1965-10-20',	'Italia',		'3000000',	'2027-06-30',	'4-2-3-1',	'1,98',		'Associazione Calcio Milan'),
	('RFRK58', 	'Ralf', 			'Rangnick', 	'1958-06-29',	'Germania',		'10000000',	'2023-06-30',	'4-2-3-1',	'1,50',		'Manchester United Football Club'),
	('TSTL73', 	'Thomas', 			'Tuchel', 		'1973-08-29',	'Germania',		'8500000',	'2023-06-30',	'3-4-2-1',	'2,17',		'Chelsea Football Club'),
	('MLAA82', 	'Mikel', 			'Arteta', 		'1982-03-26',	'Spagna',		'4000000',	'2026-06-30',	'4-2-3-1',	'1,93',		'Arsenal Football Club'),
	('JNKP67', 	'Jürgen', 			'Klopp', 		'1967-06-16',	'Germania',		'4000000',	'2024-06-30',	'4-3-3',	'2,51',		'Liverpool Football Club'),
	('JNNN87', 	'Julian', 			'Nagelsmann', 	'1987-07-23',	'Germania',		'15000000',	'2025-06-30',	'4-2-3-1',	'2,29',		'Fußball-Club Bayern München'),
	('MOPO72', 	'Mauricio', 		'Pochettino', 	'1972-03-02',	'Argentina',	'13200000',	'2024-06-30',	'4-3-3',	'2,08',		'Paris Saint-Germain'),
	('AOCE69', 	'Antonio', 			'Conte', 		'1969-07-31',	'Italia',		'15000000',	'2025-06-30',	'3-5-2',	'1,82',		'Tottenham Hotspur'),
	('COAI59', 	'Carlo', 			'Ancelotti', 	'1959-06-10',	'Italia',		'6000000',	'2025-06-30',	'4-3-3',	'2,25',		'Real Madrid Club de Fútbol'),
	('DOSE70', 	'Diego', 			'Simeone', 		'1970-04-28',	'Argentina',	'22000000',	'2026-06-30',	'4-4-2',	'1,67',		'Club Atlético de Madrid'),
	('XIHZ80', 	'Xavi', 			'Hernandez', 	'1980-01-25',	'Spagna',		'10000000',	'2023-06-30',	'4-3-3',	'2,11',		'Futbol Club Barcelona'),
	('MORE76', 	'Marco', 			'Rose', 		'1976-09-11',	'Germania',		'4500000',	'2023-06-30',	'4-2-3-1',	'1,82',		'Ballspielverein Borussia 09 Dortmund'),
	('JEMO63', 	'Jose', 			'Mourinho', 	'1963-01-26',	'Portogallo',	'7000000',	'2026-06-30',	'4-2-3-1',	'1,77',		'Associazione Sportiva Roma'),
	('NNVO77', 	'Nelson', 			'Verissimo', 	'1977-04-17',	'Portogallo',	'2000000',	'2023-06-30',	'4-3-3',	'1,92',		'Sport Lisboa e Benfica'),
	('DOTO85', 	'Domenico', 		'Tedesco', 		'1985-09-12',	'Italia',		'3000000',	'2026-06-30',	'3-4-1-2',	'2,11',		'RasenBallsport Leipzig'),
	('JNLI66', 	'Julen', 			'Lopetegui', 	'1966-09-28',	'Spagna',		'6000000',	'2027-06-30',	'4-3-3',	'1,74',		'Sevilla Futbol Club'),
	('EKTG70', 	'Erik', 			'Ten Hag', 		'1970-02-02',	'Olanda',		'10000000',	'2024-06-30',	'4-2-1-3',	'2,40',		'Amsterdam Football Club Ajax'),
	('LOSI59', 	'Luciano', 			'Spalletti', 	'1959-03-07',	'Italia',		'2800000',	'2025-06-30',	'4-2-3-1',	'1,87',		'Società Sportiva Calcio Napoli'),
	('AEPU65', 	'Ange', 			'Postecoglou', 	'1965-08-27',	'Grecia',		'2400000',	'2026-06-30',	'4-2-1-3',	'2,22',		'Celtic Football Club'),
	('DCTT62', 	'Domènec', 			'Torrent', 		'1962-07-14',	'Spagna',		'2000000',	'2023-06-30',	'4-2-3-1',	'1,22',		'Galatasaray Spor Kulübü'),
	('SOCO74', 	'Sérgio', 			'Conceição', 	'1974-11-15',	'Portogallo',	'3500000',	'2025-06-30',	'4-4-2',	'2,33',		'Futebol Clube do Porto'),
	('PRBZ63',	'Peter', 			'Bosz', 		'1963-11-21',	'Olanda',		'5000000',	'2027-06-30',	'4-2-3-1',	'1,67',		'Olympique Lyonnais');

INSERT INTO STADIO (NOME, ANNO_COSTRUZIONE, CAPIENZA, PROPRIETA, CITTA) VALUES
	('Ethiad Stadium', 					'2002', 	'53400', 	'1', 	'Manchester'),
	('Allianz Stadium', 				'2011', 	'41507', 	'1', 	'Torino'),
	('Giuseppe Meazza', 				'1926', 	'75817', 	'0', 	'Milano'),
	('San Siro', 						'1926', 	'75817', 	'0', 	'Milano'),
	('Old Trafford', 					'1910', 	'74994', 	'1', 	'Manchester'),
	('Stamford Bridge', 				'1876', 	'41631', 	'1', 	'Londra'),
	('Emirates Stadium', 				'2006', 	'60432', 	'1', 	'Londra'),
	('Anfield', 						'1885', 	'54074', 	'1', 	'Liverpool'),
	('Allianz Arena', 					'2005', 	'75024',	'1', 	'Monaco di Baviera'),
	('Parco dei Principi', 				'1972', 	'47929',	'1', 	'Parigi'),
	('Tottenham Hotspur Stadium', 		'2019', 	'62303',	'1', 	'Londra'),
	('Santiago Bernabéu', 				'1947', 	'81044',	'1', 	'Madrid'),
	('Stadio Wanda Metropolitano', 		'2017', 	'68456',	'1', 	'Madrid'),
	('Camp Nou', 						'1957', 	'99354',	'1', 	'Barcellona'),
	('Signal Iduna Park', 				'1974', 	'81360',	'1', 	'Dortmund'),
	('Olimpico', 						'1953', 	'70634',	'0', 	'Roma'),
	('Da Luz', 							'2003', 	'66147',	'1', 	'Lisbona'),
	('Red Bull Arena', 					'2004', 	'44345',	'1', 	'Lipsia'),
	('Ramon Sanchez Pizjuan', 			'1958', 	'42714',	'1', 	'Siviglia'),
	('Johan Cruijff Arena', 			'1996', 	'54990',	'1', 	'Amsterdam'),
	('Stadio Diego Armando Maradona', 	'1959', 	'54726',	'1', 	'Napoli'),
	('Celtic Park', 					'1892', 	'60411',	'1', 	'Glasgow'),
	('Nef Stadyumu', 					'2011', 	'52280',	'1', 	'Istanbul'),
	('Estádio do Dragão', 				'2003', 	'50033',	'1', 	'Porto'),
	('Parc Olympique Lyonnais', 		'2016', 	'59186',	'1', 	'Lione');

INSERT INTO PARTITA (COD, ORA, NUMERO_GIORNATA, NOME_STADIO, NOME_CLUB_CASA, GOAL_CASA, NOME_CLUB_TRASFERTA, GOAL_TRASFERTA, CF_ARBITRO, NOME_TV) VALUES
	('MCIMUN', 	'12:30:00', 	'01', 	'Ethiad Stadium',				'Manchester City Football Club',		'0',	'Manchester United Football Club',		'0',	'AOMU77',       'BeIN Sports'),
	('INTCHE', 	'14:00:00', 	'01', 	'Giuseppe Meazza',				'Football Club Internazionale Milano',	'2',	'Chelsea Football Club',				'3',	'AYTR78',       'Rai'),
	('ARSLIV', 	'15:00:00', 	'01', 	'Emirates Stadium',				'Arsenal Football Club',				'1',	'Liverpool Football Club',				'1',	'CTTN82',       'Sky'),
	('BAYPSG', 	'16:00:00', 	'01', 	'Allianz Arena',				'Fußball-Club Bayern München',			'0',	'Paris Saint-Germain',					'3',	'SNMK81',       'Mediaset Premium'),
	('TOTJUV', 	'17:00:00', 	'01', 	'Tottenham Hotspur Stadium',	'Tottenham Hotspur',					'1',	'Juventus Football Club',				'1',	'CTCR76',       'ESPN Sports'),
	('REAATL', 	'18:30:00', 	'01', 	'Santiago Bernabéu',			'Real Madrid Club de Fútbol',			'4',	'Club Atlético de Madrid',				'1',	'FXBH75',       'Fox Sports'),
	('ROMBAR', 	'19:45:00', 	'01', 	'Olimpico',						'Associazione Sportiva Roma',			'0',	'Futbol Club Barcelona',				'2',	'DLST84',       'Mediapro'),
	('BVBBEN', 	'20:15:00', 	'01', 	'Signal Iduna Park',			'Ballspielverein Borussia 09 Dortmund',	'1',	'Sport Lisboa e Benfica',				'1',	'MOGA81',       'Prime Video'),
	('LEISEV', 	'21:00:00', 	'01', 	'Red Bull Arena',				'RasenBallsport Leipzig',				'2',	'Sevilla Futbol Club',					'1',	'DEOO75',       'DAZN'),
	('AJAMIL', 	'22:00:00', 	'01', 	'Johan Cruijff Arena',			'Amsterdam Football Club Ajax',			'1',	'Associazione Calcio Milan',			'2',	'DYME83',       'BBC'),	
	('TOTBEN', 	'12:30:00', 	'02', 	'Tottenham Hotspur Stadium',	'Tottenham Hotspur',					'1',	'Sport Lisboa e Benfica',				'2',	'DLST84',       'Prime Video'),
	('MCIINT', 	'14:00:00', 	'02', 	'Ethiad Stadium',				'Manchester City Football Club',		'2',	'Football Club Internazionale Milano',	'2',	'DEOO75',       'BBC'),
	('LIVSEV', 	'15:00:00', 	'02', 	'Anfield',						'Liverpool Football Club',				'1',	'Sevilla Futbol Club',					'0',	'FXBH75',       'Mediaset Premium'),
	('PSGREA', 	'16:00:00', 	'02', 	'Parco dei Principi',			'Paris Saint-Germain',					'1',	'Real Madrid Club de Fútbol',			'2',	'CTTN82',       'DAZN'),
	('JUVARS', 	'17:00:00', 	'02', 	'Allianz Stadium',				'Juventus Football Club',				'2',	'Arsenal Football Club',				'0',	'CTCR76',       'Mediapro'),
	('BARBAY', 	'18:30:00', 	'02', 	'Camp Nou',						'Futbol Club Barcelona',				'1',	'Fußball-Club Bayern München',			'1',	'SNMK81',       'Fox Sports'),
	('CHEBVB', 	'19:45:00', 	'02', 	'Stamford Bridge',				'Chelsea Football Club',				'0',	'Ballspielverein Borussia 09 Dortmund',	'3',	'AYTR78',       'Rai'),
	('MUNAJA', 	'20:15:00', 	'02', 	'Old Trafford',					'Manchester United Football Club',		'1',	'Amsterdam Football Club Ajax',			'0',	'AOMU77',       'ESPN Sports'),
	('MILLEI', 	'21:00:00', 	'02', 	'San Siro',						'Associazione Calcio Milan',			'1',	'RasenBallsport Leipzig',				'2',	'DYME83',       'Sky'),
	('ATLROM', 	'22:00:00', 	'02', 	'Stadio Wanda Metropolitano',	'Club Atlético de Madrid',				'2',	'Associazione Sportiva Roma',			'4',	'MOGA81',       'BeIN Sports'),	
	('ARSBEN', 	'12:30:00', 	'03', 	'Emirates Stadium',				'Arsenal Football Club',				'2',	'Sport Lisboa e Benfica',				'3',	'CTTN82',       'Mediapro'),
	('BVBJUV', 	'14:00:00', 	'03', 	'Signal Iduna Park',			'Ballspielverein Borussia 09 Dortmund',	'0',	'Juventus Football Club',				'2',	'SNMK81',       'Fox Sports'),
	('PSGBAR', 	'15:00:00', 	'03', 	'Parco dei Principi',			'Paris Saint-Germain',					'3',	'Futbol Club Barcelona',				'1',	'CTCR76',       'DAZN'),
	('AJAINT', 	'16:00:00', 	'03', 	'Johan Cruijff Arena',			'Amsterdam Football Club Ajax',			'1',	'Football Club Internazionale Milano',	'0',	'AYTR78',       'BBC'),
	('BAYATL', 	'17:00:00', 	'03', 	'Allianz Arena',				'Fußball-Club Bayern München',			'4',	'Club Atlético de Madrid',				'0',	'FXBH75',       'BeIN Sports'),
	('LEICHE', 	'18:30:00', 	'03', 	'Red Bull Arena',				'RasenBallsport Leipzig',				'1',	'Chelsea Football Club',				'0',	'AOMU77',       'Prime Video'),
	('SEVTOT', 	'19:45:00', 	'03', 	'Ramon Sanchez Pizjuan',		'Sevilla Futbol Club',					'1',	'Tottenham Hotspur',					'1',	'MOGA81',       'Rai'),
	('MILLIV', 	'20:15:00', 	'03', 	'San Siro',						'Associazione Calcio Milan',			'2',	'Liverpool Football Club',				'3',	'DLST84',       'ESPN Sports'),
	('ROMMUN', 	'21:00:00', 	'03', 	'Olimpico',						'Associazione Sportiva Roma',			'2',	'Manchester United Football Club',		'2',	'DEOO75',       'Mediaset Premium'),
	('REAMCI', 	'22:00:00', 	'03', 	'Santiago Bernabéu',			'Real Madrid Club de Fútbol',			'1',	'Manchester City Football Club',		'1',	'DYME83',       'Sky'),	
	('MUNBAY', 	'12:30:00', 	'04', 	'Old Trafford',					'Manchester United Football Club',		'1',	'Fußball-Club Bayern München',			'2',	'DYME83',       'Fox Sports'),
	('CHEBAR', 	'14:00:00', 	'04', 	'Stamford Bridge',				'Chelsea Football Club',				'1',	'Futbol Club Barcelona',				'2',	'AOMU77',       'Prime Video'),
	('INTREA', 	'15:00:00', 	'04', 	'Giuseppe Meazza',				'Football Club Internazionale Milano',	'1',	'Real Madrid Club de Fútbol',			'2',	'FXBH75',       'Rai'),
	('ATLPSG', 	'16:00:00', 	'04', 	'Stadio Wanda Metropolitano',	'Club Atlético de Madrid',				'0',	'Paris Saint-Germain',					'3',	'CTTN82',       'ESPN Sports'),
	('ARSAJA', 	'17:00:00', 	'04', 	'Emirates Stadium',				'Arsenal Football Club',				'2',	'Amsterdam Football Club Ajax',			'0',	'AYTR78',       'DAZN'),
	('BENSEV', 	'18:30:00', 	'04', 	'Da Luz',						'Sport Lisboa e Benfica',				'1',	'Sevilla Futbol Club',					'0',	'DLST84',       'Mediapro'),
	('LIVLEI', 	'19:45:00', 	'04', 	'Anfield',						'Liverpool Football Club',				'4',	'RasenBallsport Leipzig',				'1',	'CTCR76',       'Sky'),
	('MCIROM', 	'20:15:00', 	'04', 	'Ethiad Stadium',				'Manchester City Football Club',		'2',	'Associazione Sportiva Roma',			'0',	'MOGA81',       'Mediaset Premium'),
	('JUVMIL', 	'21:00:00', 	'04', 	'Allianz Stadium',				'Juventus Football Club',				'0',	'Associazione Calcio Milan',			'1',	'DEOO75',       'BeIN Sports'),
	('TOTBVB', 	'22:00:00', 	'04', 	'Tottenham Hotspur Stadium',	'Tottenham Hotspur',					'4',	'Ballspielverein Borussia 09 Dortmund',	'3',	'SNMK81',       'BBC'),	
	('REACHE', 	'12:30:00', 	'05', 	'Santiago Bernabéu',			'Real Madrid Club de Fútbol',			'6',	'Chelsea Football Club',				'1',	'DLST84',       'Mediapro'),
	('PSGMUN', 	'14:00:00', 	'05', 	'Parco dei Principi',			'Paris Saint-Germain',					'3',	'Manchester United Football Club',		'1',	'CTCR76',       'Fox Sports'),
	('BARINT', 	'15:00:00', 	'05', 	'Camp Nou',						'Futbol Club Barcelona',				'2',	'Football Club Internazionale Milano',	'0',	'FXBH75',       'Prime Video'),
	('ATLMCI', 	'16:00:00', 	'05', 	'Stadio Wanda Metropolitano',	'Club Atlético de Madrid',				'0',	'Manchester City Football Club',		'4',	'AYTR78',       'Sky'),
	('SEVJUV', 	'17:00:00', 	'05', 	'Ramon Sanchez Pizjuan',		'Sevilla Futbol Club',					'1',	'Juventus Football Club',				'3',	'AOMU77',       'DAZN'),
	('MILBEN', 	'18:30:00', 	'05', 	'San Siro',						'Associazione Calcio Milan',			'5',	'Sport Lisboa e Benfica',				'2',	'SNMK81',       'BeIN Sports'),
	('LEIARS', 	'19:45:00', 	'05', 	'Red Bull Arena',				'RasenBallsport Leipzig',				'0',	'Arsenal Football Club',				'4',	'DEOO75',       'ESPN Sports'),
	('AJABVB', 	'20:15:00', 	'05', 	'Johan Cruijff Arena',			'Amsterdam Football Club Ajax',			'2',	'Ballspielverein Borussia 09 Dortmund',	'1',	'DYME83',       'BBC'),
	('BAYLIV', 	'21:00:00', 	'05', 	'Allianz Arena',				'Fußball-Club Bayern München',			'4',	'Liverpool Football Club',				'3',	'MOGA81',       'Rai'),
	('ROMTOT', 	'22:00:00', 	'05', 	'Olimpico',						'Associazione Sportiva Roma',			'1',	'Tottenham Hotspur',					'2',	'CTTN82',       'Mediaset Premium'),	
	('SEVMIL', 	'12:30:00', 	'06', 	'Ramon Sanchez Pizjuan',		'Sevilla Futbol Club',					'1',	'Associazione Calcio Milan',			'3',	'SNMK81',       'Mediaset Premium'),
	('INTPSG', 	'14:00:00', 	'06', 	'Giuseppe Meazza',				'Football Club Internazionale Milano',	'4',	'Paris Saint-Germain',					'1',	'FXBH75',       'DAZN'),
	('CHEMCI', 	'15:00:00', 	'06', 	'Stamford Bridge',				'Chelsea Football Club',				'2',	'Manchester City Football Club',		'2',	'AOMU77',       'ESPN Sports'),
	('JUVAJA', 	'16:00:00', 	'06', 	'Allianz Stadium',				'Juventus Football Club',				'1',	'Amsterdam Football Club Ajax',			'1',	'CTCR76',       'Sky'),
	('ARSREA', 	'17:00:00', 	'06', 	'Emirates Stadium',				'Arsenal Football Club',				'0',	'Real Madrid Club de Fútbol',			'4',	'DLST84',       'BBC'),
	('TOTBAR', 	'18:30:00', 	'06', 	'Tottenham Hotspur Stadium',	'Tottenham Hotspur',					'0',	'Futbol Club Barcelona',				'2',	'DEOO75',       'Mediapro'),
	('MUNATL', 	'19:45:00', 	'06', 	'Old Trafford',					'Manchester United Football Club',		'1',	'Club Atlético de Madrid',				'1',	'CTTN82',       'Rai'),
	('LIVROM', 	'20:15:00', 	'06', 	'Anfield',						'Liverpool Football Club',				'1',	'Associazione Sportiva Roma',			'0',	'AYTR78',       'BeIN Sports'),
	('BVBLEI', 	'21:00:00', 	'06', 	'Signal Iduna Park',			'Ballspielverein Borussia 09 Dortmund',	'2',	'RasenBallsport Leipzig',				'0',	'MOGA81',       'Fox Sports'),
	('BENBAY', 	'22:00:00', 	'06', 	'Da Luz',						'Sport Lisboa e Benfica',				'1',	'Fußball-Club Bayern München',			'2',	'DYME83',       'Prime Video'),	
	('LEIBEN', 	'12:30:00', 	'07', 	'Red Bull Arena',				'RasenBallsport Leipzig',				'2',	'Sport Lisboa e Benfica',				'2',	'FXBH75',       'BBC'),
	('ATLCHE', 	'14:00:00', 	'07', 	'Stadio Wanda Metropolitano',	'Club Atlético de Madrid',				'2',	'Chelsea Football Club',				'2',	'DLST84',       'Fox Sports'),
	('BAYJUV', 	'15:00:00', 	'07', 	'Allianz Arena',				'Fußball-Club Bayern München',			'2',	'Juventus Football Club',				'0',	'CTCR76',       'Mediapro'),
	('MUNINT', 	'16:00:00', 	'07', 	'Old Trafford',					'Manchester United Football Club',		'3',	'Football Club Internazionale Milano',	'3',	'AOMU77',       'Mediaset Premium'),
	('REALIV', 	'17:00:00', 	'07', 	'Santiago Bernabéu',			'Real Madrid Club de Fútbol',			'0',	'Liverpool Football Club',				'1',	'DYME83',       'Rai'),
	('AJATOT', 	'18:30:00', 	'07', 	'Johan Cruijff Arena',			'Amsterdam Football Club Ajax',			'1',	'Tottenham Hotspur',					'2',	'MOGA81',       'Prime Video'),
	('MCISEV', 	'19:45:00', 	'07', 	'Ethiad Stadium',				'Manchester City Football Club',		'1',	'Sevilla Futbol Club',					'1',	'AYTR78',       'ESPN Sports'),
	('BARBVB', 	'20:15:00', 	'07', 	'Camp Nou',						'Futbol Club Barcelona',				'6',	'Ballspielverein Borussia 09 Dortmund',	'1',	'SNMK81',       'DAZN'),
	('ROMARS', 	'21:00:00', 	'07', 	'Olimpico',						'Associazione Sportiva Roma',			'3',	'Arsenal Football Club',				'1',	'DEOO75',       'Sky'),
	('PSGMIL', 	'22:00:00', 	'07', 	'Parco dei Principi',			'Paris Saint-Germain',					'0',	'Associazione Calcio Milan',			'0',	'CTTN82',       'BeIN Sports'),	
	('SEVATL', 	'12:30:00', 	'08', 	'Ramon Sanchez Pizjuan',		'Sevilla Futbol Club',					'1',	'Club Atlético de Madrid',				'2',	'DYME83',       'ESPN Sports'),
	('LIVINT', 	'14:00:00', 	'08', 	'Anfield',						'Liverpool Football Club',				'3',	'Football Club Internazionale Milano',	'2',	'AYTR78',       'Rai'),
	('MILMCI', 	'15:00:00', 	'08', 	'San Siro',						'Associazione Calcio Milan',			'1',	'Manchester City Football Club',		'4',	'SNMK81',       'Mediaset Premium'),
	('LEIAJA', 	'16:00:00', 	'08', 	'Red Bull Arena',				'RasenBallsport Leipzig',				'1',	'Amsterdam Football Club Ajax',			'1',	'FXBH75',       'Sky'),
	('TOTREA', 	'17:00:00', 	'08', 	'Tottenham Hotspur Stadium',	'Tottenham Hotspur',					'0',	'Real Madrid Club de Fútbol',			'2',	'DEOO75',       'DAZN'),
	('ARSPSG', 	'18:30:00', 	'08', 	'Emirates Stadium',				'Arsenal Football Club',				'1',	'Paris Saint-Germain',					'1',	'CTCR76',       'BBC'),
	('CHEMUN', 	'19:45:00', 	'08', 	'Stamford Bridge',				'Chelsea Football Club',				'1',	'Manchester United Football Club',		'1',	'CTTN82',       'BeIN Sports'),
	('BVBBAY', 	'20:15:00', 	'08', 	'Signal Iduna Park',			'Ballspielverein Borussia 09 Dortmund',	'2',	'Fußball-Club Bayern München',			'3',	'MOGA81',       'Mediapro'),
	('JUVROM', 	'21:00:00', 	'08', 	'Allianz Stadium',				'Juventus Football Club',				'0',	'Associazione Sportiva Roma',			'1',	'AOMU77',       'Fox Sports'),
	('BENBAR', 	'22:00:00', 	'08', 	'Da Luz',						'Sport Lisboa e Benfica',				'1',	'Futbol Club Barcelona',				'3',	'DLST84',       'Prime Video'),
	('BAYCHE', 	'12:30:00', 	'09', 	'Allianz Arena',				'Fußball-Club Bayern München',			'2',	'Chelsea Football Club',				'2',	'CTCR76',       'BBC'),
	('AJASEV', 	'14:00:00', 	'09', 	'Johan Cruijff Arena',			'Amsterdam Football Club Ajax',			'3',	'Sevilla Futbol Club',					'0',	'DLST84',       'Sky'),
	('ATLARS', 	'15:00:00', 	'09', 	'Stadio Wanda Metropolitano',	'Club Atlético de Madrid',				'1',	'Arsenal Football Club',				'1',	'MOGA81',       'DAZN'),
	('MUNBEN', 	'16:00:00', 	'09', 	'Old Trafford',					'Manchester United Football Club',		'0',	'Sport Lisboa e Benfica',				'1',	'FXBH75',       'ESPN Sports'),
	('REAMIL', 	'17:00:00', 	'09', 	'Santiago Bernabéu',			'Real Madrid Club de Fútbol',			'2',	'Associazione Calcio Milan',			'3',	'SNMK81',       'Mediaset Premium'),
	('PSGTOT', 	'18:30:00', 	'09', 	'Parco dei Principi',			'Paris Saint-Germain',					'1',	'Tottenham Hotspur',					'0',	'DEOO75',       'Mediapro'),
	('MCILIV', 	'19:45:00', 	'09', 	'Ethiad Stadium',				'Manchester City Football Club',		'1',	'Liverpool Football Club',				'2',	'AYTR78',       'BeIN Sports'),
	('BARLEI', 	'20:15:00', 	'09', 	'Camp Nou',						'Futbol Club Barcelona',				'4',	'RasenBallsport Leipzig',				'0',	'DYME83',       'Fox Sports'),
	('ROMBVB', 	'21:00:00', 	'09', 	'Olimpico',						'Associazione Sportiva Roma',			'4',	'Ballspielverein Borussia 09 Dortmund',	'2',	'AOMU77',       'Prime Video'),
	('INTJUV', 	'22:00:00', 	'09', 	'Giuseppe Meazza',				'Football Club Internazionale Milano',	'2',	'Juventus Football Club',				'1',	'CTTN82',       'Rai'),
	('SEVCHE', 	'12:30:00', 	'10', 	'Ramon Sanchez Pizjuan',		'Sevilla Futbol Club',					'4',	'Chelsea Football Club',				'0',	'CTTN82',       'BeIN Sports'),
	('BENATL', 	'14:00:00', 	'10', 	'Da Luz',						'Sport Lisboa e Benfica',				'2',	'Club Atlético de Madrid',				'1',	'DLST84',       'Rai'),
	('MILBAY', 	'15:00:00', 	'10', 	'San Siro',						'Associazione Calcio Milan',			'1',	'Fußball-Club Bayern München',			'2',	'AOMU77',       'Mediaset Premium'),
	('JUVMUN', 	'16:00:00', 	'10', 	'Allianz Stadium',				'Juventus Football Club',				'2',	'Manchester United Football Club',		'0',	'MOGA81',       'ESPN Sports'),
	('TOTMCI', 	'17:00:00', 	'10', 	'Tottenham Hotspur Stadium',	'Tottenham Hotspur',					'3',	'Manchester City Football Club',		'2',	'FXBH75',       'Mediapro'),
	('AJAPSG', 	'18:30:00', 	'10', 	'Johan Cruijff Arena',			'Amsterdam Football Club Ajax',			'1',	'Paris Saint-Germain',					'1',	'SNMK81',       'Prime Video'),
	('ARSINT', 	'19:45:00', 	'10', 	'Emirates Stadium',				'Arsenal Football Club',				'1',	'Football Club Internazionale Milano',	'1',	'AYTR78',       'DAZN'),
	('LIVBAR', 	'20:15:00', 	'10', 	'Anfield',						'Liverpool Football Club',				'1',	'Futbol Club Barcelona',				'1',	'CTCR76',       'Sky'),
	('LEIROM', 	'21:00:00', 	'10', 	'Red Bull Arena',				'RasenBallsport Leipzig',				'0',	'Associazione Sportiva Roma',			'2',	'DEOO75',       'BBC'),
	('BVBREA', 	'22:00:00', 	'10', 	'Signal Iduna Park',			'Ballspielverein Borussia 09 Dortmund',	'0',	'Real Madrid Club de Fútbol',			'2',	'DYME83',       'Fox Sports'),
	('PSGLIV', 	'12:30:00', 	'11', 	'Parco dei Principi',			'Paris Saint-Germain',					'1',	'Liverpool Football Club',				'2',	'CTTN82',       'Mediapro'),
	('MCIJUV', 	'14:00:00', 	'11', 	'Ethiad Stadium',				'Manchester City Football Club',		'3',	'Juventus Football Club',				'4',	'DEOO75',       'Mediaset Premium'),
	('BAYAJA', 	'15:00:00', 	'11', 	'Allianz Arena',				'Fußball-Club Bayern München',			'2',	'Amsterdam Football Club Ajax',			'1',	'FXBH75',       'Rai'),
	('INTTOT', 	'16:00:00', 	'11', 	'Giuseppe Meazza',				'Football Club Internazionale Milano',	'3',	'Tottenham Hotspur',					'1',	'AOMU77',       'Sky'),
	('MUNARS', 	'17:00:00', 	'11', 	'Old Trafford',					'Manchester United Football Club',		'0',	'Arsenal Football Club',				'0',	'DLST84',       'BBC'),
	('CHEBEN', 	'18:30:00', 	'11', 	'Stamford Bridge',				'Chelsea Football Club',				'4',	'Sport Lisboa e Benfica',				'1',	'MOGA81',       'Fox Sports'),
	('BARSEV', 	'19:45:00', 	'11', 	'Camp Nou',						'Futbol Club Barcelona',				'3',	'Sevilla Futbol Club',					'0',	'CTCR76',       'Prime Video'),
	('ATLBVB', 	'20:15:00', 	'11', 	'Stadio Wanda Metropolitano',	'Club Atlético de Madrid',				'1',	'Ballspielverein Borussia 09 Dortmund',	'1',	'SNMK81',       'BeIN Sports'),
	('ROMMIL', 	'21:00:00', 	'11', 	'Olimpico',						'Associazione Sportiva Roma',			'1',	'Associazione Calcio Milan',			'4',	'AYTR78',       'ESPN Sports'),
	('REALEI', 	'22:00:00', 	'11', 	'Santiago Bernabéu',			'Real Madrid Club de Fútbol',			'2',	'RasenBallsport Leipzig',				'0',	'DYME83',       'DAZN'),
	('ARSCHE', 	'12:30:00', 	'12', 	'Emirates Stadium',				'Arsenal Football Club',				'3',	'Chelsea Football Club',				'2',	'SNMK81',       'Fox Sports'),
	('SEVBAY', 	'14:00:00', 	'12', 	'Ramon Sanchez Pizjuan',		'Sevilla Futbol Club',					'4',	'Fußball-Club Bayern München',			'1',	'DYME83',       'BeIN Sports'),
	('JUVBAR', 	'15:00:00', 	'12', 	'Allianz Stadium',				'Juventus Football Club',				'0',	'Futbol Club Barcelona',				'1',	'DEOO75',       'DAZN'),
	('LEIPSG', 	'16:00:00', 	'12', 	'Red Bull Arena',				'RasenBallsport Leipzig',				'0',	'Paris Saint-Germain',					'3',	'AOMU77',       'Sky'),
	('BENROM', 	'17:00:00', 	'12', 	'Da Luz',						'Sport Lisboa e Benfica',				'1',	'Associazione Sportiva Roma',			'1',	'AYTR78',       'BBC'),
	('TOTMUN', 	'18:30:00', 	'12', 	'Tottenham Hotspur Stadium',	'Tottenham Hotspur',					'1',	'Manchester United Football Club',		'1',	'MOGA81',       'ESPN Sports'),
	('AJAREA', 	'19:45:00', 	'12', 	'Johan Cruijff Arena',			'Amsterdam Football Club Ajax',			'0',	'Real Madrid Club de Fútbol',			'1',	'FXBH75',       'Mediaset Premium'),
	('LIVATL', 	'20:15:00', 	'12', 	'Anfield',						'Liverpool Football Club',				'2',	'Club Atlético de Madrid',				'0',	'CTCR76',       'Prime Video'),
	('BVBMCI', 	'21:00:00', 	'12', 	'Signal Iduna Park',			'Ballspielverein Borussia 09 Dortmund',	'1',	'Manchester City Football Club',		'0',	'DLST84',       'Rai'),
	('MILINT', 	'22:00:00', 	'12', 	'San Siro',						'Associazione Calcio Milan',			'1',	'Football Club Internazionale Milano',	'2',	'CTTN82',       'Mediapro'),
	('PSGSEV', 	'12:30:00', 	'13', 	'Parco dei Principi',			'Paris Saint-Germain',					'2',	'Sevilla Futbol Club',					'0',	'AOMU77',       'ESPN Sports'),
	('LIVJUV', 	'14:00:00', 	'13', 	'Anfield',						'Liverpool Football Club',				'0',	'Juventus Football Club',				'0',	'DYME83',       'Mediaset Premium'),
	('BARMIL', 	'15:00:00', 	'13', 	'Camp Nou',						'Futbol Club Barcelona',				'2',	'Associazione Calcio Milan',			'2',	'FXBH75',       'DAZN'),
	('MUNLEI', 	'16:00:00', 	'13', 	'Old Trafford',					'Manchester United Football Club',		'1',	'RasenBallsport Leipzig',				'0',	'AYTR78',       'Mediapro'),
	('ATLAJA', 	'17:00:00', 	'13', 	'Stadio Wanda Metropolitano',	'Club Atlético de Madrid',				'0',	'Amsterdam Football Club Ajax',			'1',	'SNMK81',       'Sky'),
	('REABEN', 	'18:30:00', 	'13', 	'Santiago Bernabéu',			'Real Madrid Club de Fútbol',			'0',	'Sport Lisboa e Benfica',				'1',	'CTTN82',       'Fox Sports'),
	('INTBVB', 	'19:45:00', 	'13', 	'Giuseppe Meazza',				'Football Club Internazionale Milano',	'2',	'Ballspielverein Borussia 09 Dortmund',	'1',	'DEOO75',       'Rai'),
	('CHEROM', 	'20:15:00', 	'13', 	'Stamford Bridge',				'Chelsea Football Club',				'1',	'Associazione Sportiva Roma',			'2',	'CTCR76',       'BeIN Sports'),
	('MCIARS', 	'21:00:00', 	'13', 	'Ethiad Stadium',				'Manchester City Football Club',		'1',	'Arsenal Football Club',				'0',	'DLST84',       'Prime Video'),
	('BAYTOT', 	'22:00:00', 	'13', 	'Allianz Arena',				'Fußball-Club Bayern München',			'1',	'Tottenham Hotspur',					'0',	'MOGA81',       'BBC'),
	('LEIATL', 	'12:30:00', 	'14', 	'Red Bull Arena',				'RasenBallsport Leipzig',				'1',	'Club Atlético de Madrid',				'1',	'CTTN82',       'BBC'),
	('AJAMCI', 	'14:00:00', 	'14', 	'Johan Cruijff Arena',			'Amsterdam Football Club Ajax',			'1',	'Manchester City Football Club',		'1',	'DYME83',       'DAZN'),
	('ARSBAR', 	'15:00:00', 	'14', 	'Emirates Stadium',				'Arsenal Football Club',				'1',	'Futbol Club Barcelona',				'2',	'DEOO75',       'Fox Sports'),
	('JUVPSG', 	'16:00:00', 	'14', 	'Allianz Stadium',				'Juventus Football Club',				'2',	'Paris Saint-Germain',					'2',	'SNMK81',       'BeIN Sports'),
	('BENINT', 	'17:00:00', 	'14', 	'Da Luz',						'Sport Lisboa e Benfica',				'1',	'Football Club Internazionale Milano',	'2',	'AOMU77',       'Sky'),
	('TOTCHE', 	'18:30:00', 	'14', 	'Tottenham Hotspur Stadium',	'Tottenham Hotspur',					'1',	'Chelsea Football Club',				'4',	'DLST84',       'Rai'),
	('MILMUN', 	'19:45:00', 	'14', 	'San Siro',						'Associazione Calcio Milan',			'0',	'Manchester United Football Club',		'0',	'CTCR76',       'ESPN Sports'),
	('SEVREA', 	'20:15:00', 	'14', 	'Ramon Sanchez Pizjuan',		'Sevilla Futbol Club',					'0',	'Real Madrid Club de Fútbol',			'4',	'AYTR78',       'Mediaset Premium'),
	('ROMBAY', 	'21:00:00', 	'14', 	'Olimpico',						'Associazione Sportiva Roma',			'2',	'Fußball-Club Bayern München',			'1',	'FXBH75',       'Prime Video'),
	('BVBLIV', 	'22:00:00', 	'14', 	'Signal Iduna Park',			'Ballspielverein Borussia 09 Dortmund',	'2',	'Liverpool Football Club',				'4',	'MOGA81',       'Mediapro'),
	('PSGBEN', 	'12:30:00', 	'15', 	'Parco dei Principi',			'Paris Saint-Germain',					'6',	'Sport Lisboa e Benfica',				'1',	'CTCR76',       'Mediapro'),
	('BARAJA', 	'14:00:00', 	'15', 	'Camp Nou',						'Futbol Club Barcelona',				'1',	'Amsterdam Football Club Ajax',			'0',	'SNMK81',       'BBC'),
	('MCILEI', 	'15:00:00', 	'15', 	'Ethiad Stadium',				'Manchester City Football Club',		'1',	'RasenBallsport Leipzig',				'0',	'MOGA81',       'Rai'),
	('ATLJUV', 	'16:00:00', 	'15', 	'Stadio Wanda Metropolitano',	'Club Atlético de Madrid',				'0',	'Juventus Football Club',				'2',	'DLST84',       'Fox Sports'),
	('INTSEV', 	'17:00:00', 	'15', 	'Giuseppe Meazza',				'Football Club Internazionale Milano',	'1',	'Sevilla Futbol Club',					'1',	'FXBH75',       'ESPN Sports'),
	('REAROM', 	'18:30:00', 	'15', 	'Santiago Bernabéu',			'Real Madrid Club de Fútbol',			'0',	'Associazione Sportiva Roma',			'1',	'AOMU77',       'DAZN'),
	('CHEMIL', 	'19:45:00', 	'15', 	'Stamford Bridge',				'Chelsea Football Club',				'2',	'Associazione Calcio Milan',			'1',	'CTTN82',       'Mediaset Premium'),
	('MUNBVB', 	'20:15:00', 	'15', 	'Old Trafford',					'Manchester United Football Club',		'1',	'Ballspielverein Borussia 09 Dortmund',	'1',	'DYME83',       'Sky'),
	('BAYARS', 	'21:00:00', 	'15', 	'Allianz Arena',				'Fußball-Club Bayern München',			'0',	'Arsenal Football Club',				'4',	'AYTR78',       'BeIN Sports'),
	('LIVTOT', 	'22:00:00', 	'15', 	'Anfield',						'Liverpool Football Club',				'2',	'Tottenham Hotspur',					'0',	'DEOO75',       'Prime Video'),
	('MILATL', 	'12:30:00', 	'16', 	'San Siro',						'Associazione Calcio Milan',			'1',	'Club Atlético de Madrid',				'1',	'AYTR78',       'Fox Sports'),
	('ROMINT', 	'14:00:00', 	'16', 	'Olimpico',						'Associazione Sportiva Roma',			'1',	'Football Club Internazionale Milano',	'1',	'CTTN82',       'Mediaset Premium'),
	('BVBPSG', 	'15:00:00', 	'16', 	'Signal Iduna Park',			'Ballspielverein Borussia 09 Dortmund',	'3',	'Paris Saint-Germain',					'0',	'DLST84',       'Rai'),
	('REABAR', 	'16:00:00', 	'16', 	'Santiago Bernabéu',			'Real Madrid Club de Fútbol',			'1',	'Futbol Club Barcelona',				'1',	'DEOO75',       'ESPN Sports'),
	('BENMCI', 	'17:00:00', 	'16', 	'Da Luz',						'Sport Lisboa e Benfica',				'0',	'Manchester City Football Club',		'1',	'MOGA81',       'Mediapro'),
	('SEVMUN', 	'18:30:00', 	'16', 	'Ramon Sanchez Pizjuan',		'Sevilla Futbol Club',					'1',	'Manchester United Football Club',		'0',	'CTCR76',       'BeIN Sports'),
	('AJALIV', 	'19:45:00', 	'16', 	'Johan Cruijff Arena',			'Amsterdam Football Club Ajax',			'0',	'Liverpool Football Club',				'0',	'DYME83',       'DAZN'),
	('JUVCHE', 	'20:15:00', 	'16', 	'Allianz Stadium',				'Juventus Football Club',				'1',	'Chelsea Football Club',				'2',	'AOMU77',       'Prime Video'),
	('ARSTOT', 	'21:00:00', 	'16', 	'Emirates Stadium',				'Arsenal Football Club',				'3',	'Tottenham Hotspur',					'0',	'FXBH75',       'BBC'),
	('LEIBAY', 	'22:00:00', 	'16', 	'Red Bull Arena',				'RasenBallsport Leipzig',				'1',	'Fußball-Club Bayern München',			'1',	'SNMK81',       'Sky'),
	('CHEAJA', 	'12:30:00', 	'17', 	'Stamford Bridge',				'Chelsea Football Club',				'0',	'Amsterdam Football Club Ajax',			'1',	'FXBH75',       'Rai'),
	('BARATL', 	'14:00:00', 	'17', 	'Camp Nou',						'Futbol Club Barcelona',				'5',	'Club Atlético de Madrid',				'0',	'AOMU77',       'Sky'),
	('BENJUV', 	'15:00:00', 	'17', 	'Da Luz',						'Sport Lisboa e Benfica',				'2',	'Juventus Football Club',				'3',	'DEOO75',       'Mediapro'),
	('TOTMIL', 	'16:00:00', 	'17', 	'Tottenham Hotspur Stadium',	'Tottenham Hotspur',					'1',	'Associazione Calcio Milan',			'3',	'DLST84',       'BeIN Sports'),
	('BAYREA', 	'17:00:00', 	'17', 	'Allianz Arena',				'Fußball-Club Bayern München',			'1',	'Real Madrid Club de Fútbol',			'2',	'CTTN82',       'Mediaset Premium'),
	('MCIPSG', 	'18:30:00', 	'17', 	'Ethiad Stadium',				'Manchester City Football Club',		'3',	'Paris Saint-Germain',					'0',	'DYME83',       'BBC'),
	('BVBARS', 	'19:45:00', 	'17', 	'Signal Iduna Park',			'Ballspielverein Borussia 09 Dortmund',	'2',	'Arsenal Football Club',				'2',	'AYTR78',       'Fox Sports'),
	('MUNLIV', 	'20:15:00', 	'17', 	'Old Trafford',					'Manchester United Football Club',		'0',	'Liverpool Football Club',				'3',	'CTCR76',       'DAZN'),
	('INTLEI', 	'21:00:00', 	'17', 	'Giuseppe Meazza',				'Football Club Internazionale Milano',	'0',	'RasenBallsport Leipzig',				'0',	'MOGA81',       'Prime Video'),
	('ROMSEV', 	'22:00:00', 	'17', 	'Olimpico',						'Associazione Sportiva Roma',			'0',	'Sevilla Futbol Club',					'3',	'SNMK81',       'ESPN Sports'),
	('LIVCHE', 	'12:30:00', 	'18', 	'Anfield',						'Liverpool Football Club',				'1',	'Chelsea Football Club',				'3',	'AOMU77',       'Fox Sports'),
	('ATLINT', 	'14:00:00', 	'18', 	'Stadio Wanda Metropolitano',	'Club Atlético de Madrid',				'2',	'Football Club Internazionale Milano',	'2',	'AYTR78',       'DAZN'),
	('PSGROM', 	'15:00:00', 	'18', 	'Parco dei Principi',			'Paris Saint-Germain',					'3',	'Associazione Sportiva Roma',			'3',	'DYME83',       'Prime Video'),
	('REAJUV', 	'16:00:00', 	'18', 	'Santiago Bernabéu',			'Real Madrid Club de Fútbol',			'2',	'Juventus Football Club',				'1',	'DEOO75',       'BeIN Sports'),
	('LEITOT', 	'17:00:00', 	'18', 	'Red Bull Arena',				'RasenBallsport Leipzig',				'1',	'Tottenham Hotspur',					'1',	'CTCR76',       'Mediapro'),
	('BARMUN', 	'18:30:00', 	'18', 	'Camp Nou',						'Futbol Club Barcelona',				'4',	'Manchester United Football Club',		'0',	'DLST84',       'BBC'),
	('SEVARS', 	'19:45:00', 	'18', 	'Ramon Sanchez Pizjuan',		'Sevilla Futbol Club',					'3',	'Arsenal Football Club',				'3',	'CTTN82',       'Rai'),
	('BAYMCI', 	'20:15:00', 	'18', 	'Allianz Arena',				'Fußball-Club Bayern München',			'2',	'Manchester City Football Club',		'0',	'SNMK81',       'Sky'),
	('AJABEN', 	'21:00:00', 	'18', 	'Johan Cruijff Arena',			'Amsterdam Football Club Ajax',			'2',	'Sport Lisboa e Benfica',				'1',	'MOGA81',       'Mediaset Premium'),
	('MILBVB', 	'22:00:00', 	'18', 	'San Siro',						'Associazione Calcio Milan',			'0',	'Ballspielverein Borussia 09 Dortmund',	'0',	'FXBH75',       'ESPN Sports'),
	('CHEPSG', 	'12:30:00', 	'19', 	'Stamford Bridge',				'Chelsea Football Club',				'2',	'Paris Saint-Germain',					'1',	'DEOO75',       'ESPN Sports'),
	('JUVLEI', 	'14:00:00', 	'19', 	'Allianz Stadium',				'Juventus Football Club',				'2',	'RasenBallsport Leipzig',				'0',	'FXBH75',       'BeIN Sports'),
	('BENLIV', 	'15:00:00', 	'19', 	'Da Luz',						'Sport Lisboa e Benfica',				'1',	'Liverpool Football Club',				'2',	'MOGA81',       'Rai'),
	('MUNREA', 	'16:00:00', 	'19', 	'Old Trafford',					'Manchester United Football Club',		'1',	'Real Madrid Club de Fútbol',			'2',	'SNMK81',       'Fox Sports'),
	('ROMAJA', 	'17:00:00', 	'19', 	'Olimpico',						'Associazione Sportiva Roma',			'1',	'Amsterdam Football Club Ajax',			'3',	'CTCR76',       'DAZN'),
	('INTBAY', 	'18:30:00', 	'19', 	'Giuseppe Meazza',				'Football Club Internazionale Milano',	'1',	'Fußball-Club Bayern München',			'1',	'CTTN82',       'Mediaset Premium'),
	('MCIBAR', 	'19:45:00', 	'19', 	'Ethiad Stadium',				'Manchester City Football Club',		'0',	'Futbol Club Barcelona',				'3',	'DLST84',       'Sky'),
	('BVBSEV', 	'20:15:00', 	'19', 	'Signal Iduna Park',			'Ballspielverein Borussia 09 Dortmund',	'2',	'Sevilla Futbol Club',					'0',	'AOMU77',       'BBC'),
	('ARSMIL', 	'21:00:00', 	'19', 	'Emirates Stadium',				'Arsenal Football Club',				'2',	'Associazione Calcio Milan',			'6',	'AYTR78',       'Mediapro'),
	('TOTATL', 	'22:00:00', 	'19', 	'Tottenham Hotspur Stadium',	'Tottenham Hotspur',					'1',	'Club Atlético de Madrid',				'2',	'DYME83',       'Prime Video'),
	('AJALEI', 	'12:30:00', 	'20', 	'Johan Cruijff Arena',			'Amsterdam Football Club Ajax',			'1',	'RasenBallsport Leipzig',				'2',	'FXBH75',       'DAZN'),
	('SEVMCI', 	'14:00:00', 	'20', 	'Ramon Sanchez Pizjuan',		'Sevilla Futbol Club',					'0',	'Manchester City Football Club',		'1',	'SNMK81',       'BBC'),
	('LIVARS', 	'15:00:00', 	'20', 	'Anfield',						'Liverpool Football Club',				'1',	'Arsenal Football Club',				'1',	'DLST84',       'Mediaset Premium'),
	('MUNCHE', 	'16:00:00', 	'20', 	'Old Trafford',					'Manchester United Football Club',		'2',	'Chelsea Football Club',				'2',	'DYME83',       'Mediapro'),
	('MILROM', 	'17:00:00', 	'20', 	'San Siro',						'Associazione Calcio Milan',			'1',	'Associazione Sportiva Roma',			'1',	'MOGA81',       'BeIN Sports'),
	('JUVBVB', 	'18:30:00', 	'20', 	'Allianz Stadium',				'Juventus Football Club',				'1',	'Ballspielverein Borussia 09 Dortmund',	'1',	'AOMU77',       'Rai'),
	('BARTOT', 	'19:45:00', 	'20', 	'Camp Nou',						'Futbol Club Barcelona',				'2',	'Tottenham Hotspur',					'1',	'CTCR76',       'Fox Sports'),
	('PSGBAY', 	'20:15:00', 	'20', 	'Parco dei Principi',			'Paris Saint-Germain',					'1',	'Fußball-Club Bayern München',			'0',	'DEOO75',       'Sky'),
	('REAINT', 	'21:00:00', 	'20', 	'Santiago Bernabéu',			'Real Madrid Club de Fútbol',			'1',	'Football Club Internazionale Milano',	'1',	'CTTN82',       'ESPN Sports'),
	('ATLBEN', 	'22:00:00', 	'20', 	'Stadio Wanda Metropolitano',	'Club Atlético de Madrid',				'2',	'Sport Lisboa e Benfica',				'2',	'AYTR78',       'Prime Video'),
	('BENMIL', 	'12:30:00', 	'21', 	'Da Luz',						'Sport Lisboa e Benfica',				'1',	'Associazione Calcio Milan',			'3',	'MOGA81',       'ESPN Sports'),
	('ARSMUN', 	'14:00:00', 	'21', 	'Emirates Stadium',				'Arsenal Football Club',				'0',	'Manchester United Football Club',		'0',	'DEOO75',       'BeIN Sports'),
	('BVBAJA', 	'15:00:00', 	'21', 	'Signal Iduna Park',			'Ballspielverein Borussia 09 Dortmund',	'0',	'Amsterdam Football Club Ajax',			'0',	'SNMK81',       'Prime Video'),
	('TOTPSG', 	'16:00:00', 	'21', 	'Tottenham Hotspur Stadium',	'Tottenham Hotspur',					'1',	'Paris Saint-Germain',					'3',	'CTCR76',       'DAZN'),
	('ROMJUV', 	'17:00:00', 	'21', 	'Olimpico',						'Associazione Sportiva Roma',			'2',	'Juventus Football Club',				'3',	'AYTR78',       'Mediaset Premium'),
	('CHESEV', 	'18:30:00', 	'21', 	'Stamford Bridge',				'Chelsea Football Club',				'0',	'Sevilla Futbol Club',					'0',	'FXBH75',       'BBC'),
	('INTLIV', 	'19:45:00', 	'21', 	'Giuseppe Meazza',				'Football Club Internazionale Milano',	'1',	'Liverpool Football Club',				'3',	'CTTN82',       'Fox Sports'),
	('MCIATL', 	'20:15:00', 	'21', 	'Ethiad Stadium',				'Manchester City Football Club',		'2',	'Club Atlético de Madrid',				'1',	'DYME83',       'Sky'),
	('BAYBAR', 	'21:00:00', 	'21', 	'Allianz Arena',				'Fußball-Club Bayern München',			'1',	'Futbol Club Barcelona',				'3',	'AOMU77',       'Mediapro'),
	('LEIREA', 	'22:00:00', 	'21', 	'Red Bull Arena',				'RasenBallsport Leipzig',				'1',	'Real Madrid Club de Fútbol',			'1',	'DLST84',       'Rai'),
	('AJABAY', 	'12:30:00', 	'22', 	'Johan Cruijff Arena',			'Amsterdam Football Club Ajax',			'4',	'Fußball-Club Bayern München',			'0',	'SNMK81',       'BBC'),
	('ATLLIV', 	'14:00:00', 	'22', 	'Stadio Wanda Metropolitano',	'Club Atlético de Madrid',				'2',	'Liverpool Football Club',				'2',	'AOMU77',       'Mediaset Premium'),
	('JUVTOT', 	'15:00:00', 	'22', 	'Allianz Stadium',				'Juventus Football Club',				'2',	'Tottenham Hotspur',					'1',	'DLST84',       'Mediapro'),
	('MUNMCI', 	'16:00:00', 	'22', 	'Old Trafford',					'Manchester United Football Club',		'0',	'Manchester City Football Club',		'2',	'DEOO75',       'BeIN Sports'),
	('BENARS', 	'17:00:00', 	'22', 	'Da Luz',						'Sport Lisboa e Benfica',				'0',	'Arsenal Football Club',				'1',	'DYME83',       'DAZN'),
	('ROMLEI', 	'18:30:00', 	'22', 	'Olimpico',						'Associazione Sportiva Roma',			'1',	'RasenBallsport Leipzig',				'1',	'CTTN82',       'ESPN Sports'),
	('PSGINT', 	'19:45:00', 	'22', 	'Parco dei Principi',			'Paris Saint-Germain',					'1',	'Football Club Internazionale Milano',	'1',	'MOGA81',       'Rai'),
	('MILSEV', 	'20:15:00', 	'22', 	'San Siro',						'Associazione Calcio Milan',			'4',	'Sevilla Futbol Club',					'0',	'AYTR78',       'Prime Video'),
	('REABVB', 	'21:00:00', 	'22', 	'Santiago Bernabéu',			'Real Madrid Club de Fútbol',			'3',	'Ballspielverein Borussia 09 Dortmund',	'0',	'CTCR76',       'Sky'),
	('BARCHE', 	'22:00:00', 	'22', 	'Camp Nou',						'Futbol Club Barcelona',				'0',	'Chelsea Football Club',				'2',	'FXBH75',       'Fox Sports'),
	('MCIREA', 	'12:30:00', 	'23', 	'Ethiad Stadium',				'Manchester City Football Club',		'0',	'Real Madrid Club de Fútbol',			'0',	'DLST84',       'Mediapro'),
	('CHETOT', 	'14:00:00', 	'23', 	'Stamford Bridge',				'Chelsea Football Club',				'3',	'Tottenham Hotspur',					'1',	'FXBH75',       'Rai'),
	('INTBEN', 	'15:00:00', 	'23', 	'Giuseppe Meazza',				'Football Club Internazionale Milano',	'4',	'Sport Lisboa e Benfica',				'0',	'SNMK81',       'ESPN Sports'),
	('LIVPSG', 	'16:00:00', 	'23', 	'Anfield',						'Liverpool Football Club',				'2',	'Paris Saint-Germain',					'0',	'CTTN82',       'BeIN Sports'),
	('LEIBAR', 	'17:00:00', 	'23', 	'Red Bull Arena',				'RasenBallsport Leipzig',				'1',	'Futbol Club Barcelona',				'3',	'DEOO75',       'Sky'),
	('BAYMUN', 	'18:30:00', 	'23', 	'Allianz Arena',				'Fußball-Club Bayern München',			'6',	'Manchester United Football Club',		'0',	'AYTR78',       'Prime Video'),
	('SEVAJA', 	'19:45:00', 	'23', 	'Ramon Sanchez Pizjuan',		'Sevilla Futbol Club',					'1',	'Amsterdam Football Club Ajax',			'2',	'CTCR76',       'BBC'),
	('BVBATL', 	'20:15:00', 	'23', 	'Signal Iduna Park',			'Ballspielverein Borussia 09 Dortmund',	'3',	'Club Atlético de Madrid',				'2',	'MOGA81',       'Fox Sports'),
	('ARSROM', 	'21:00:00', 	'23', 	'Emirates Stadium',				'Arsenal Football Club',				'4',	'Associazione Sportiva Roma',			'1',	'AOMU77',       'Mediaset Premium'),
	('MILJUV', 	'22:00:00', 	'23', 	'San Siro',						'Associazione Calcio Milan',			'1',	'Juventus Football Club',				'1',	'DYME83',       'DAZN'),
	('ROMCHE', 	'12:30:00', 	'24', 	'Olimpico',						'Associazione Sportiva Roma',			'1',	'Chelsea Football Club',				'5',	'AOMU77',       'Mediapro'),
	('INTMIL', 	'14:00:00', 	'24', 	'Giuseppe Meazza',				'Football Club Internazionale Milano',	'1',	'Associazione Calcio Milan',			'2',	'CTCR76',       'BBC'),
	('BARLIV', 	'15:00:00', 	'24', 	'Camp Nou',						'Futbol Club Barcelona',				'1',	'Liverpool Football Club',				'2',	'DEOO75',       'Rai'),
	('PSGLEI', 	'16:00:00', 	'24', 	'Parco dei Principi',			'Paris Saint-Germain',					'2',	'RasenBallsport Leipzig',				'2',	'DLST84',       'Sky'),
	('BENBVB', 	'17:00:00', 	'24', 	'Da Luz',						'Sport Lisboa e Benfica',				'0',	'Ballspielverein Borussia 09 Dortmund',	'1',	'FXBH75',       'Mediaset Premium'),
	('AJAMUN', 	'18:30:00', 	'24', 	'Johan Cruijff Arena',			'Amsterdam Football Club Ajax',			'3',	'Manchester United Football Club',		'2',	'AYTR78',       'BeIN Sports'),
	('REAARS', 	'19:45:00', 	'24', 	'Santiago Bernabéu',			'Real Madrid Club de Fútbol',			'2',	'Arsenal Football Club',				'1',	'CTTN82',       'DAZN'),
	('TOTBAY', 	'20:15:00', 	'24', 	'Tottenham Hotspur Stadium',	'Tottenham Hotspur',					'1',	'Fußball-Club Bayern München',			'0',	'DYME83',       'Fox Sports'),
	('JUVMCI', 	'21:00:00', 	'24', 	'Allianz Stadium',				'Juventus Football Club',				'1',	'Manchester City Football Club',		'0',	'MOGA81',       'Prime Video'),
	('ATLSEV', 	'22:00:00', 	'24', 	'Stadio Wanda Metropolitano',	'Club Atlético de Madrid',				'0',	'Sevilla Futbol Club',					'2',	'SNMK81',       'ESPN Sports'),
	('LIVREA', 	'12:30:00', 	'25', 	'Anfield',						'Liverpool Football Club',				'0',	'Real Madrid Club de Fútbol',			'1',	'AOMU77',       'BeIN Sports'),
	('BVBINT', 	'14:00:00', 	'25', 	'Signal Iduna Park',			'Ballspielverein Borussia 09 Dortmund',	'1',	'Football Club Internazionale Milano',	'0',	'CTTN82',       'Mediapro'),
	('BAYBEN', 	'15:00:00', 	'25', 	'Allianz Arena',				'Fußball-Club Bayern München',			'3',	'Sport Lisboa e Benfica',				'0',	'CTCR76',       'Mediaset Premium'),
	('MILAJA', 	'16:00:00', 	'25', 	'San Siro',						'Associazione Calcio Milan',			'4',	'Amsterdam Football Club Ajax',			'4',	'MOGA81',       'DAZN'),
	('MCITOT', 	'17:00:00', 	'25', 	'Ethiad Stadium',				'Manchester City Football Club',		'1',	'Tottenham Hotspur',					'1',	'FXBH75',       'ESPN Sports'),
	('ARSLEI', 	'18:30:00', 	'25', 	'Emirates Stadium',				'Arsenal Football Club',				'5',	'RasenBallsport Leipzig',				'1',	'SNMK81',       'Prime Video'),
	('CHEATL', 	'19:45:00', 	'25', 	'Stamford Bridge',				'Chelsea Football Club',				'1',	'Club Atlético de Madrid',				'0',	'DYME83',       'Rai'),
	('MUNROM', 	'20:15:00', 	'25', 	'Old Trafford',					'Manchester United Football Club',		'0',	'Associazione Sportiva Roma',			'0',	'DLST84',       'BBC'),
	('PSGJUV', 	'21:00:00', 	'25', 	'Parco dei Principi',			'Paris Saint-Germain',					'0',	'Juventus Football Club',				'2',	'AYTR78',       'Fox Sports'),
	('SEVBAR', 	'22:00:00', 	'25', 	'Ramon Sanchez Pizjuan',		'Sevilla Futbol Club',					'2',	'Futbol Club Barcelona',				'2',	'DEOO75',       'Sky'),
	('JUVBAY', 	'12:30:00', 	'26', 	'Allianz Stadium',				'Juventus Football Club',				'1',	'Fußball-Club Bayern München',			'0',	'DLST84',       'ESPN Sports'),
	('AJAARS', 	'14:00:00', 	'26', 	'Johan Cruijff Arena',			'Amsterdam Football Club Ajax',			'2',	'Arsenal Football Club',				'1',	'AOMU77',       'Prime Video'),
	('ROMMCI', 	'15:00:00', 	'26', 	'Olimpico',						'Associazione Sportiva Roma',			'2',	'Manchester City Football Club',		'4',	'CTCR76',       'Mediaset Premium'),
	('ATLMIL', 	'16:00:00', 	'26', 	'Stadio Wanda Metropolitano',	'Club Atlético de Madrid',				'0',	'Associazione Calcio Milan',			'1',	'MOGA81',       'BeIN Sports'),
	('BARPSG', 	'17:00:00', 	'26', 	'Camp Nou',						'Futbol Club Barcelona',				'2',	'Paris Saint-Germain',					'1',	'FXBH75',       'Sky'),
	('BENCHE', 	'18:30:00', 	'26', 	'Da Luz',						'Sport Lisboa e Benfica',				'2',	'Chelsea Football Club',				'2',	'SNMK81',       'DAZN'),
	('INTMUN', 	'19:45:00', 	'26', 	'Giuseppe Meazza',				'Football Club Internazionale Milano',	'1',	'Manchester United Football Club',		'0',	'CTTN82',       'Rai'),
	('TOTLIV', 	'20:15:00', 	'26', 	'Tottenham Hotspur Stadium',	'Tottenham Hotspur',					'0',	'Liverpool Football Club',				'3',	'DEOO75',       'Mediapro'),
	('LEIBVB', 	'21:00:00', 	'26', 	'Red Bull Arena',				'RasenBallsport Leipzig',				'2',	'Ballspielverein Borussia 09 Dortmund',	'1',	'AYTR78',       'Fox Sports'),
	('REASEV', 	'22:00:00', 	'26', 	'Santiago Bernabéu',			'Real Madrid Club de Fútbol',			'1',	'Sevilla Futbol Club',					'0',	'DYME83',       'BBC'),
	('MILTOT', 	'12:30:00', 	'27', 	'San Siro',						'Associazione Calcio Milan',			'4',	'Tottenham Hotspur',					'0',	'SNMK81',       'Prime Video'),
	('CHEINT', 	'14:00:00', 	'27', 	'Stamford Bridge',				'Chelsea Football Club',				'2',	'Football Club Internazionale Milano',	'4',	'MOGA81',       'ESPN Sports'),
	('ATLREA', 	'15:00:00', 	'27', 	'Stadio Wanda Metropolitano',	'Club Atlético de Madrid',				'0',	'Real Madrid Club de Fútbol',			'1',	'DYME83',       'BBC'),
	('ARSJUV', 	'16:00:00', 	'27', 	'Emirates Stadium',				'Arsenal Football Club',				'2',	'Juventus Football Club',				'2',	'CTCR76',       'Sky'),
	('MUNBAR', 	'17:00:00', 	'27', 	'Old Trafford',					'Manchester United Football Club',		'0',	'Futbol Club Barcelona',				'0',	'DLST84',       'Mediapro'),
	('BAYLEI', 	'18:30:00', 	'27', 	'Allianz Arena',				'Fußball-Club Bayern München',			'3',	'RasenBallsport Leipzig',				'0',	'CTTN82',       'Mediaset Premium'),
	('MCIBEN', 	'19:45:00', 	'27', 	'Ethiad Stadium',				'Manchester City Football Club',		'2',	'Sport Lisboa e Benfica',				'0',	'AYTR78',       'Rai'),
	('SEVROM', 	'20:15:00', 	'27', 	'Ramon Sanchez Pizjuan',		'Sevilla Futbol Club',					'2',	'Associazione Sportiva Roma',			'0',	'AOMU77',       'DAZN'),
	('LIVBVB', 	'21:00:00', 	'27', 	'Anfield',						'Liverpool Football Club',				'0',	'Ballspielverein Borussia 09 Dortmund',	'0',	'DEOO75',       'BeIN Sports'),
	('PSGAJA', 	'22:00:00', 	'27', 	'Parco dei Principi',			'Paris Saint-Germain',					'1',	'Amsterdam Football Club Ajax',			'1',	'FXBH75',       'Fox Sports'),
	('INTATL', 	'12:30:00', 	'28', 	'Giuseppe Meazza',				'Football Club Internazionale Milano',	'1',	'Club Atlético de Madrid',				'2',	'AYTR78',       'ESPN Sports'),
	('TOTAJA', 	'14:00:00', 	'28', 	'Tottenham Hotspur Stadium',	'Tottenham Hotspur',					'1',	'Amsterdam Football Club Ajax',			'1',	'CTTN82',       'Rai'),
	('ROMPSG', 	'15:00:00', 	'28', 	'Olimpico',						'Associazione Sportiva Roma',			'1',	'Paris Saint-Germain',					'3',	'CTCR76',       'Prime Video'),
	('LEILIV', 	'16:00:00', 	'28', 	'Red Bull Arena',				'RasenBallsport Leipzig',				'0',	'Liverpool Football Club',				'1',	'DLST84',       'DAZN'),
	('CHEARS', 	'17:00:00', 	'28', 	'Stamford Bridge',				'Chelsea Football Club',				'1',	'Arsenal Football Club',				'1',	'DYME83',       'BeIN Sports'),
	('BENMUN', 	'18:30:00', 	'28', 	'Da Luz',						'Sport Lisboa e Benfica',				'1',	'Manchester United Football Club',		'1',	'AOMU77',       'BBC'),
	('REABAY', 	'19:45:00', 	'28', 	'Santiago Bernabéu',			'Real Madrid Club de Fútbol',			'2',	'Fußball-Club Bayern München',			'3',	'SNMK81',       'Fox Sports'),
	('BARMCI', 	'20:15:00', 	'28', 	'Camp Nou',						'Futbol Club Barcelona',				'3',	'Manchester City Football Club',		'1',	'DEOO75',       'Mediaset Premium'),
	('JUVSEV', 	'21:00:00', 	'28', 	'Allianz Stadium',				'Juventus Football Club',				'3',	'Sevilla Futbol Club',					'2',	'FXBH75',       'Mediapro'),
	('BVBMIL', 	'22:00:00', 	'28', 	'Signal Iduna Park',			'Ballspielverein Borussia 09 Dortmund',	'0',	'Associazione Calcio Milan',			'1',	'MOGA81',       'Sky'),
	('ATLMUN', 	'12:30:00', 	'29', 	'Stadio Wanda Metropolitano',	'Club Atlético de Madrid',				'1',	'Manchester United Football Club',		'0',	'AOMU77',       'Fox Sports'),
	('SEVLEI', 	'14:00:00', 	'29', 	'Ramon Sanchez Pizjuan',		'Sevilla Futbol Club',					'1',	'RasenBallsport Leipzig',				'2',	'MOGA81',       'BBC'),
	('AJAJUV', 	'15:00:00', 	'29', 	'Johan Cruijff Arena',			'Amsterdam Football Club Ajax',			'0',	'Juventus Football Club',				'1',	'CTTN82',       'ESPN Sports'),
	('MILARS', 	'16:00:00', 	'29', 	'San Siro',						'Associazione Calcio Milan',			'1',	'Arsenal Football Club',				'1',	'DLST84',       'BeIN Sports'),
	('BARREA', 	'17:00:00', 	'29', 	'Camp Nou',						'Futbol Club Barcelona',				'3',	'Real Madrid Club de Fútbol',			'2',	'DEOO75',       'Rai'),
	('MCIBVB', 	'18:30:00', 	'29', 	'Ethiad Stadium',				'Manchester City Football Club',		'0',	'Ballspielverein Borussia 09 Dortmund',	'0',	'AYTR78',       'Mediaset Premium'),
	('TOTROM', 	'19:45:00', 	'29', 	'Tottenham Hotspur Stadium',	'Tottenham Hotspur',					'1',	'Associazione Sportiva Roma',			'1',	'SNMK81',       'Sky'),
	('PSGCHE', 	'20:15:00', 	'29', 	'Parco dei Principi',			'Paris Saint-Germain',					'2',	'Chelsea Football Club',				'1',	'DYME83',       'Prime Video'),
	('BAYINT', 	'21:00:00', 	'29', 	'Allianz Arena',				'Fußball-Club Bayern München',			'1',	'Football Club Internazionale Milano',	'1',	'FXBH75',       'Mediapro'),
	('LIVBEN', 	'22:00:00', 	'29', 	'Anfield',						'Liverpool Football Club',				'1',	'Sport Lisboa e Benfica',				'2',	'CTCR76',       'DAZN'),
	('MUNSEV', 	'12:30:00', 	'30', 	'Old Trafford',					'Manchester United Football Club',		'1',	'Sevilla Futbol Club',					'3',	'AYTR78',       'ESPN Sports'),
	('CHEBAY', 	'14:00:00', 	'30', 	'Stamford Bridge',				'Chelsea Football Club',				'2',	'Fußball-Club Bayern München',			'1',	'CTCR76',       'Prime Video'),
	('BVBTOT', 	'15:00:00', 	'30', 	'Signal Iduna Park',			'Ballspielverein Borussia 09 Dortmund',	'0',	'Tottenham Hotspur',					'1',	'DYME83',       'Sky'),
	('INTBAR', 	'16:00:00', 	'30', 	'Giuseppe Meazza',				'Football Club Internazionale Milano',	'1',	'Futbol Club Barcelona',				'3',	'SNMK81',       'DAZN'),
	('LEIMIL', 	'17:00:00', 	'30', 	'Red Bull Arena',				'RasenBallsport Leipzig',				'1',	'Associazione Calcio Milan',			'2',	'AOMU77',       'Fox Sports'),
	('BENAJA', 	'18:30:00', 	'30', 	'Da Luz',						'Sport Lisboa e Benfica',				'1',	'Amsterdam Football Club Ajax',			'0',	'CTTN82',       'Mediapro'),
	('JUVATL', 	'19:45:00', 	'30', 	'Allianz Stadium',				'Juventus Football Club',				'2',	'Club Atlético de Madrid',				'0',	'DLST84',       'BeIN Sports'),
	('ARSMCI', 	'20:15:00', 	'30', 	'Emirates Stadium',				'Arsenal Football Club',				'1',	'Manchester City Football Club',		'1',	'FXBH75',       'Rai'),
	('ROMLIV', 	'21:00:00', 	'30', 	'Olimpico',						'Associazione Sportiva Roma',			'2',	'Liverpool Football Club',				'4',	'DEOO75',       'BBC'),
	('REAPSG', 	'22:00:00', 	'30', 	'Santiago Bernabéu',			'Real Madrid Club de Fútbol',			'4',	'Paris Saint-Germain',					'0',	'MOGA81',       'Mediaset Premium'),
	('SEVBEN', 	'12:30:00', 	'31', 	'Ramon Sanchez Pizjuan',		'Sevilla Futbol Club',					'2',	'Sport Lisboa e Benfica',				'1',	'CTCR76',       'Fox Sports'),
	('LIVMUN', 	'14:00:00', 	'31', 	'Anfield',						'Liverpool Football Club',				'2',	'Manchester United Football Club',		'0',	'AYTR78',       'BBC'),
	('ATLBAY', 	'15:00:00', 	'31', 	'Stadio Wanda Metropolitano',	'Club Atlético de Madrid',				'2',	'Fußball-Club Bayern München',			'1',	'MOGA81',       'ESPN Sports'),
	('BARARS', 	'16:00:00', 	'31', 	'Camp Nou',						'Futbol Club Barcelona',				'2',	'Arsenal Football Club',				'0',	'DLST84',       'DAZN'),
	('TOTLEI', 	'17:00:00', 	'31', 	'Tottenham Hotspur Stadium',	'Tottenham Hotspur',					'1',	'RasenBallsport Leipzig',				'1',	'SNMK81',       'Sky'),
	('PSGBVB', 	'18:30:00', 	'31', 	'Parco dei Principi',			'Paris Saint-Germain',					'3',	'Ballspielverein Borussia 09 Dortmund',	'0',	'DYME83',       'BeIN Sports'),
	('AJAROM', 	'19:45:00', 	'31', 	'Johan Cruijff Arena',			'Amsterdam Football Club Ajax',			'2',	'Associazione Sportiva Roma',			'2',	'DEOO75',       'Prime Video'),
	('JUVINT', 	'20:15:00', 	'31', 	'Allianz Stadium',				'Juventus Football Club',				'2',	'Football Club Internazionale Milano',	'0',	'AOMU77',       'Mediapro'),
	('MCICHE', 	'21:00:00', 	'31', 	'Ethiad Stadium',				'Manchester City Football Club',		'2',	'Chelsea Football Club',				'1',	'FXBH75',       'Mediaset Premium'),
	('MILREA', 	'22:00:00', 	'31', 	'San Siro',						'Associazione Calcio Milan',			'1',	'Real Madrid Club de Fútbol',			'3',	'CTTN82',       'Rai'),
	('ARSSEV', 	'12:30:00', 	'32', 	'Emirates Stadium',				'Arsenal Football Club',				'2',	'Sevilla Futbol Club',					'1',	'FXBH75',       'Mediaset Premium'),
	('INTMCI', 	'14:00:00', 	'32', 	'Giuseppe Meazza',				'Football Club Internazionale Milano',	'3',	'Manchester City Football Club',		'2',	'MOGA81',       'Fox Sports'),
	('LEIJUV', 	'15:00:00', 	'32', 	'Red Bull Arena',				'RasenBallsport Leipzig',				'1',	'Juventus Football Club',				'2',	'DEOO75',       'Sky'),
	('CHELIV', 	'16:00:00', 	'32', 	'Stamford Bridge',				'Chelsea Football Club',				'0',	'Liverpool Football Club',				'3',	'CTCR76',       'ESPN Sports'),
	('BENTOT', 	'17:00:00', 	'32', 	'Da Luz',						'Sport Lisboa e Benfica',				'1',	'Tottenham Hotspur',					'0',	'SNMK81',       'Prime Video'),
	('MUNPSG', 	'18:30:00', 	'32', 	'Old Trafford',					'Manchester United Football Club',		'1',	'Paris Saint-Germain',					'4',	'DYME83',       'DAZN'),
	('BVBBAR', 	'19:45:00', 	'32', 	'Signal Iduna Park',			'Ballspielverein Borussia 09 Dortmund',	'2',	'Futbol Club Barcelona',				'1',	'CTTN82',       'BeIN Sports'),
	('ROMATL', 	'20:15:00', 	'32', 	'Olimpico',						'Associazione Sportiva Roma',			'1',	'Club Atlético de Madrid',				'1',	'AYTR78',       'BBC'),
	('BAYMIL', 	'21:00:00', 	'32', 	'Allianz Arena',				'Fußball-Club Bayern München',			'1',	'Associazione Calcio Milan',			'0',	'DLST84',       'Rai'),
	('REAAJA', 	'22:00:00', 	'32', 	'Santiago Bernabéu',			'Real Madrid Club de Fútbol',			'1',	'Amsterdam Football Club Ajax',			'0',	'AOMU77',       'Mediapro'),
	('SEVINT', 	'12:30:00', 	'33', 	'Ramon Sanchez Pizjuan',		'Sevilla Futbol Club',					'3',	'Football Club Internazionale Milano',	'1',	'DYME83',       'Prime Video'),
	('MILCHE', 	'14:00:00', 	'33', 	'San Siro',						'Associazione Calcio Milan',			'2',	'Chelsea Football Club',				'1',	'CTCR76',       'BBC'),
	('LEIMUN', 	'15:00:00', 	'33', 	'Red Bull Arena',				'RasenBallsport Leipzig',				'2',	'Manchester United Football Club',		'3',	'AYTR78',       'Rai'),
	('TOTARS', 	'16:00:00', 	'33', 	'Tottenham Hotspur Stadium',	'Tottenham Hotspur',					'1',	'Arsenal Football Club',				'2',	'DLST84',       'ESPN Sports'),
	('AJAATL', 	'17:00:00', 	'33', 	'Johan Cruijff Arena',			'Amsterdam Football Club Ajax',			'4',	'Club Atlético de Madrid',				'0',	'CTTN82',       'Mediapro'),
	('BARBEN', 	'18:30:00', 	'33', 	'Camp Nou',						'Futbol Club Barcelona',				'2',	'Sport Lisboa e Benfica',				'0',	'MOGA81',       'Sky'),
	('JUVREA', 	'19:45:00', 	'33', 	'Allianz Stadium',				'Juventus Football Club',				'1',	'Real Madrid Club de Fútbol',			'1',	'SNMK81',       'Mediaset Premium'),
	('LIVBAY', 	'20:15:00', 	'33', 	'Anfield',						'Liverpool Football Club',				'1',	'Fußball-Club Bayern München',			'0',	'FXBH75',       'DAZN'),
	('BVBROM', 	'21:00:00', 	'33', 	'Signal Iduna Park',			'Ballspielverein Borussia 09 Dortmund',	'0',	'Associazione Sportiva Roma',			'0',	'AOMU77',       'Fox Sports'),
	('PSGMCI', 	'22:00:00', 	'33', 	'Parco dei Principi',			'Paris Saint-Germain',					'3',	'Manchester City Football Club',		'2',	'DEOO75',       'BeIN Sports'),
	('BAYSEV', 	'12:30:00', 	'34', 	'Allianz Arena',				'Fußball-Club Bayern München',			'3',	'Sevilla Futbol Club',					'1',	'AOMU77',       'Sky'),
	('BENPSG', 	'14:00:00', 	'34', 	'Da Luz',						'Sport Lisboa e Benfica',				'3',	'Paris Saint-Germain',					'4',	'FXBH75',       'ESPN Sports'),
	('INTROM', 	'15:00:00', 	'34', 	'Giuseppe Meazza',				'Football Club Internazionale Milano',	'2',	'Associazione Sportiva Roma',			'1',	'AYTR78',       'DAZN'),
	('MCIAJA', 	'16:00:00', 	'34', 	'Ethiad Stadium',				'Manchester City Football Club',		'1',	'Amsterdam Football Club Ajax',			'0',	'SNMK81',       'Fox Sports'),
	('ATLBAR', 	'17:00:00', 	'34', 	'Stadio Wanda Metropolitano',	'Club Atlético de Madrid',				'0',	'Futbol Club Barcelona',				'5',	'DYME83',       'Mediaset Premium'),
	('REATOT', 	'18:30:00', 	'34', 	'Santiago Bernabéu',			'Real Madrid Club de Fútbol',			'2',	'Tottenham Hotspur',					'0',	'MOGA81',       'Prime Video'),
	('ARSBVB', 	'19:45:00', 	'34', 	'Emirates Stadium',				'Arsenal Football Club',				'1',	'Ballspielverein Borussia 09 Dortmund',	'1',	'CTTN82',       'BBC'),
	('CHELEI', 	'20:15:00', 	'34', 	'Stamford Bridge',				'Chelsea Football Club',				'2',	'RasenBallsport Leipzig',				'2',	'DLST84',       'Rai'),
	('LIVMIL', 	'21:00:00', 	'34', 	'Anfield',						'Liverpool Football Club',				'2',	'Associazione Calcio Milan',			'0',	'DEOO75',       'Mediapro'),
	('MUNJUV', 	'22:00:00', 	'34', 	'Old Trafford',					'Manchester United Football Club',		'2',	'Juventus Football Club',				'1',	'CTCR76',       'BeIN Sports'),
	('BVBMUN', 	'12:30:00', 	'35', 	'Signal Iduna Park',			'Ballspielverein Borussia 09 Dortmund',	'2',	'Manchester United Football Club',		'2',	'AYTR78',       'DAZN'),
	('LEIMCI', 	'14:00:00', 	'35', 	'Red Bull Arena',				'RasenBallsport Leipzig',				'1',	'Manchester City Football Club',		'2',	'CTTN82',       'Mediaset Premium'),
	('AJACHE', 	'15:00:00', 	'35', 	'Johan Cruijff Arena',			'Amsterdam Football Club Ajax',			'1',	'Chelsea Football Club',				'1',	'DYME83',       'Fox Sports'),
	('SEVLIV', 	'16:00:00', 	'35', 	'Ramon Sanchez Pizjuan',		'Sevilla Futbol Club',					'0',	'Liverpool Football Club',				'1',	'DEOO75',       'ESPN Sports'),
	('JUVBEN', 	'17:00:00', 	'35', 	'Allianz Stadium',				'Juventus Football Club',				'1',	'Sport Lisboa e Benfica',				'0',	'SNMK81',       'Rai'),
	('MILBAR', 	'18:30:00', 	'35', 	'San Siro',						'Associazione Calcio Milan',			'0',	'Futbol Club Barcelona',				'0',	'AOMU77',       'Mediapro'),
	('ARSBAY', 	'19:45:00', 	'35', 	'Emirates Stadium',				'Arsenal Football Club',				'0',	'Fußball-Club Bayern München',			'1',	'FXBH75',       'Prime Video'),
	('TOTINT', 	'20:15:00', 	'35', 	'Tottenham Hotspur Stadium',	'Tottenham Hotspur',					'3',	'Football Club Internazionale Milano',	'4',	'DLST84',       'Sky'),
	('ROMREA', 	'21:00:00', 	'35', 	'Olimpico',						'Associazione Sportiva Roma',			'3',	'Real Madrid Club de Fútbol',			'2',	'CTCR76',       'BeIN Sports'),
	('PSGATL', 	'22:00:00', 	'35', 	'Parco dei Principi',			'Paris Saint-Germain',					'3',	'Club Atlético de Madrid',				'0',	'MOGA81',       'BBC'),
	('INTARS', 	'12:30:00', 	'36', 	'Giuseppe Meazza',				'Football Club Internazionale Milano',	'4',	'Arsenal Football Club',				'0',	'DLST84',   	'ESPN Sports'),
	('CHEJUV', 	'14:00:00', 	'36', 	'Stamford Bridge',				'Chelsea Football Club',				'1',	'Juventus Football Club',				'2',	'FXBH75',   	'Mediapro'),
	('BAYBVB', 	'15:00:00', 	'36', 	'Allianz Arena',				'Fußball-Club Bayern München',			'1',	'Ballspielverein Borussia 09 Dortmund',	'0',	'MOGA81',   	'Rai'),
	('MUNTOT', 	'16:00:00', 	'36', 	'Old Trafford',					'Manchester United Football Club',		'0',	'Tottenham Hotspur',					'0',	'DEOO75',   	'DAZN'),
	('LIVAJA', 	'17:00:00', 	'36', 	'Anfield',						'Liverpool Football Club',				'1',	'Amsterdam Football Club Ajax',			'0',	'SNMK81',   	'BeIN Sports'),
	('SEVPSG', 	'18:30:00', 	'36', 	'Ramon Sanchez Pizjuan',		'Sevilla Futbol Club',					'1',	'Paris Saint-Germain',					'3',	'AYTR78',   	'BBC'),
	('BENREA', 	'19:45:00', 	'36', 	'Da Luz',						'Sport Lisboa e Benfica',				'3',	'Real Madrid Club de Fútbol',			'0',	'DYME83',		'Prime Video'),
	('ATLLEI', 	'20:15:00', 	'36', 	'Stadio Wanda Metropolitano',	'Club Atlético de Madrid',				'1',	'RasenBallsport Leipzig',				'1',	'AOMU77',   	'Sky'),
	('MCIMIL', 	'21:00:00', 	'36', 	'Ethiad Stadium',				'Manchester City Football Club',		'1',	'Associazione Calcio Milan',			'0',	'CTTN82',   	'Mediaset Premium'),
	('BARROM', 	'22:00:00', 	'36', 	'Camp Nou',						'Futbol Club Barcelona',				'4',	'Associazione Sportiva Roma',			'2',	'CTCR76',   	'Fox Sports'),
	('ARSATL', 	'12:30:00', 	'37', 	'Emirates Stadium',				'Arsenal Football Club',				'0',	'Club Atlético de Madrid',				'1',	'DLST84',   	'DAZN'),
	('TOTSEV', 	'14:00:00', 	'37', 	'Tottenham Hotspur Stadium',	'Tottenham Hotspur',					'0',	'Sevilla Futbol Club',					'2',	'AYTR78',   	'ESPN Sports'),
	('MCIBAY', 	'15:00:00', 	'37', 	'Ethiad Stadium',				'Manchester City Football Club',		'3',	'Fußball-Club Bayern München',			'1',	'DEOO75',   	'Fox Sports'),
	('ROMBEN', 	'16:00:00', 	'37', 	'Olimpico',						'Associazione Sportiva Roma',			'0',	'Sport Lisboa e Benfica',				'0',	'DYME83',   	'Mediaset Premium'),
	('REAMUN', 	'17:00:00', 	'37', 	'Santiago Bernabéu',			'Real Madrid Club de Fútbol',			'3',	'Manchester United Football Club',		'0',	'FXBH75',   	'Prime Video'),
	('BVBCHE', 	'18:30:00', 	'37', 	'Signal Iduna Park',			'Ballspielverein Borussia 09 Dortmund',	'1',	'Chelsea Football Club',				'3',	'CTCR76',   	'Rai'),
	('MILPSG', 	'19:45:00', 	'37', 	'San Siro',						'Associazione Calcio Milan',			'2',	'Paris Saint-Germain',					'2',	'CTTN82',   	'BBC'),
	('LEIINT', 	'20:15:00', 	'37', 	'Red Bull Arena',				'RasenBallsport Leipzig',				'1',	'Football Club Internazionale Milano',	'2',	'SNMK81',   	'BeIN Sports'),
	('AJABAR', 	'21:00:00', 	'37', 	'Johan Cruijff Arena',			'Amsterdam Football Club Ajax',			'1',	'Futbol Club Barcelona',				'1',	'AOMU77',   	'Mediapro'),
	('JUVLIV', 	'22:00:00', 	'37', 	'Allianz Stadium',				'Juventus Football Club',				'1',	'Liverpool Football Club',				'1',	'MOGA81',   	'Sky'),
	('BAYROM', 	'12:30:00', 	'38', 	'Allianz Arena',				'Fußball-Club Bayern München',			'1',	'Associazione Sportiva Roma',			'0',	'AOMU77',   	'Mediapro'),
	('CHEREA', 	'14:00:00', 	'38', 	'Stamford Bridge',				'Chelsea Football Club',				'2',	'Real Madrid Club de Fútbol',			'2',	'AYTR78',   	'Fox Sports'),
	('LIVMCI', 	'15:00:00', 	'38', 	'Anfield',						'Liverpool Football Club',				'3',	'Manchester City Football Club',		'1',	'DEOO75',   	'Sky'),
	('BARJUV', 	'16:00:00', 	'38', 	'Camp Nou',						'Futbol Club Barcelona',				'1',	'Juventus Football Club',				'1',	'MOGA81',   	'Mediaset Premium'),
	('PSGARS', 	'17:00:00', 	'38', 	'Parco dei Principi',			'Paris Saint-Germain',					'4',	'Arsenal Football Club',				'4',	'CTTN82',   	'BeIN Sports'),
	('SEVBVB', 	'18:30:00', 	'38', 	'Ramon Sanchez Pizjuan',		'Sevilla Futbol Club',					'1',	'Ballspielverein Borussia 09 Dortmund',	'2',	'SNMK81',   	'DAZN'),
	('MUNMIL', 	'19:45:00', 	'38', 	'Old Trafford',					'Manchester United Football Club',		'0',	'Associazione Calcio Milan',			'0',	'DLST84',   	'BBC'),
	('INTAJA', 	'20:15:00', 	'38', 	'Giuseppe Meazza',				'Football Club Internazionale Milano',	'0',	'Amsterdam Football Club Ajax',			'1',	'CTCR76',   	'ESPN Sports'),
	('BENLEI', 	'21:00:00', 	'38', 	'Da Luz',						'Sport Lisboa e Benfica',				'2',	'RasenBallsport Leipzig',				'0',	'FXBH75',   	'Rai'),
	('ATLTOT', 	'22:00:00', 	'38', 	'Stadio Wanda Metropolitano',	'Club Atlético de Madrid',				'2',	'Tottenham Hotspur',					'1',	'DYME83',   	'Prime Video');

INSERT INTO EMITTENTE_TV (NOME, CRONISTA, OPINIONISTA, LINGUA) VALUES
	('Rai', 				'Katia Serra', 			'Stefano Bizzotto',		'Italiano'),
	('DAZN', 				'Lele Adani', 			'Riccardo Montolivo',	'Italiano'),
	('Prime Video', 		'Pier Luigi Pardo', 	'Federico Balzaretti',	'Italiano'),
	('Sky', 				'Fabio Caressa', 		'Beppe Bergomi',		'Italiano'),
	('Mediaset Premium', 	'Sandro Piccinini', 	'Matteo Barzaghi',		'Italiano'),
	('Fox Sports', 			'Massimo Marianella', 	'Rio Ferdinand',		'Inglese'),
	('BeIN Sports', 		'Khalil Al Balushi', 	'Michael Owen',			'Arabo'),
	('Mediapro', 			'Manolo Lama', 			'Antoni Daniel',		'Spagnolo'),
	('ESPN Sports', 		'Andres Agulla', 		'Alejandro Moreno',		'Spagnolo'),
	('BBC', 				'Martin Tyler', 		'Gary Lineker',			'Inglese');

INSERT INTO ARBITRO (CF, NOME, COGNOME, ETA, NAZIONALITA) VALUES
	('DEOO75', 	'Daniele', 			'Orsato', 		'1975-11-23', 	'Italia'),
	('CTTN82', 	'Clément', 			'Turpin', 		'1982-05-16', 	'Francia'),
	('SNMK81', 	'Szymon', 			'Marciniak', 	'1981-01-07', 	'Polonia'),
	('DYME83', 	'Danny', 			'Makkelie', 	'1983-01-28', 	'Olanda'),
	('FXBH75', 	'Felix', 			'Brych', 		'1975-08-03', 	'Germania'),
	('AOMU77', 	'Antonio Mateu', 	'Lahoz', 		'1977-03-12', 	'Spagna'),
	('DLST84', 	'Daniel ', 			'Siebert', 		'1984-05-04', 	'Germania'),
	('AYTR78', 	'Anthony', 			'Taylor', 		'1978-10-20', 	'Inghilterra'),
	('CTCR76', 	'Cüneyt', 			'Çakir', 		'1976-11-23', 	'Turchia'),
	('MOGA81', 	'Marco', 			'Guida', 		'1981-06-07', 	'Italia');

INSERT INTO GIORNATA (NUMERO, DATA_G) VALUES
	('01',	'2022-09-01'),
	('02',	'2022-09-08'),
	('03',	'2022-09-15'),
	('04',	'2022-09-22'),
	('05',	'2022-09-29'),
	('06',	'2022-10-05'),
	('07',	'2022-10-12'),
	('08',	'2022-10-19'),
	('09',	'2022-10-26'),
	('10',	'2022-11-02'),
	('11',	'2022-11-09'),
	('12',	'2022-11-16'),
	('13',	'2022-11-23'),
	('14',	'2022-11-30'),
	('15',	'2022-12-07'),
	('16',	'2022-12-14'),
	('17',	'2022-12-21'),
	('18',	'2023-01-11'),
	('19',	'2023-01-18'),
	('20',	'2023-01-25'),
	('21',	'2023-02-15'),
	('22',	'2023-02-22'),
	('23',	'2023-03-01'),
	('24',	'2023-03-08'),
	('25',	'2023-03-15'),
	('26',	'2023-03-22'),
	('27',	'2023-04-05'),
	('28',	'2023-04-12'),
	('29',	'2023-04-19'),
	('30',	'2023-04-26'),
	('31',	'2023-05-02'),
	('32',	'2023-05-09'),
	('33',	'2023-05-16'),
	('34',	'2023-05-23'),
	('35',	'2023-05-30'),
	('36',	'2023-06-06'),
	('37',	'2023-06-13'),
	('38',	'2023-06-20');

INSERT INTO SPONSOR (NOME, NETTO, BONUS) VALUES
	('Ethiad Airways', 			'100000000', 	'33000000'),
	('Jeep', 					'60000000', 	'17000000'),
	('DigitalBits', 			'45000000', 	'14000000'),
	('Fly Emirates', 			'80000000', 	'0'),
	('TeamViewer', 				'98000000', 	'13000000'),
	('WhaleFin', 				'95000000', 	'0'),
	('Standard Chartered', 		'76000000', 	'4000000'),
	('Deutsche Telekom', 		'80000000', 	'12000000'),
	('Accor Live Limitless', 	'58000000', 	'2000000'),
	('AIA', 					'64000000', 	'12000000'),
	('Emirates', 				'73000000', 	'0'),
	('Plus500', 				'90000000', 	'1000000'),
	('Spotify', 				'110000000', 	'7500000'),
	('Evonick', 				'47500000', 	'5000000'),
	('Qatar Airways', 			'50000000', 	'7000000'),
	('Red Bull', 				'40000000', 	'0'),
	('Marathon Bet', 			'30000000', 	'2000000'),
	('Ziggo', 					'31000000', 	'6000000'),
	('Garofalo', 				'30000000', 	'10000000'),
	('DafaBet', 				'34000000', 	'2000000'),
	('Turkish Airlines', 		'20000000', 	'4000000'),
	('Altice', 					'10000000', 	'150000'),
	('Nike', 					'7800000', 		'33000000'),
	('Adidas', 					'6100000', 		'17000000'),
	('Under Armour', 			'4500000', 		'14000000'),
	('EA Sports', 				'5200000', 		'0'),
	('Gatorade', 				'1800000', 		'13000000'),
	('Vans', 					'2500000', 		'0'),
	('Monster', 				'8000000', 		'0');

INSERT INTO BIGLIETTO (COD, TITOLARE, PREZZO, TIPO, DATA_INIZIO, DATA_FINE, SETTORE, FILA, POSTO, NOME_CLUB, COD_PARTITA) VALUES
	('AB0123', 	'Stefano Baso', 		'500,00',	'Abbonamento',	'2022-08-01', 	'2023-06-30',	'1',	'4',	'23',	'Futbol Club Barcelona',			' '),
	('AB0223', 	'Armando Mio', 			'500,00', 	'Abbonamento',	'2022-08-01',	'2023-06-30',	'1',	'7',	'10',	'Arsenal Football Club',			' '),
	('SI0001', 	'Enrico Lazzarin', 		'25,99', 	'Singolo',		'2022-08-31',	'2022-08-31',	'4',	'12',	'72',	' ',								'REAAJA'),
	('SI0002', 	'Marco Zompa', 			'45,99', 	'Singolo',		'2022-08-31',	'2022-08-31',	'3',	'10',	'50',	' ',								'REAAJA'),
	('AB0122',	'Mirko Alessandrini', 	'120,00', 	'Abbonamento',	'2022-08-31',	'2022-09-30',	'2',	'1',	'14',	'Manchester City Football Club',	' '),
	('SI0003', 	'Nicole Rossi', 		'75.00', 	'Singolo',		'2023-04-19',	'2023-04-19',	'29',	'25',	'24',	' ',								'ATLLIV'),
	('AB0323', 	'Giacomo Gobbi', 		'500,00', 	'Abbonamento',	'2022-01-01',	'2023-02-30',	'25',	'11',	'5',	'Juventus Football Club',			' '),
	('AB0222', 	'Asoka Tano', 			'120,00', 	'Abbonamento',	'2022-03-31',	'2022-04-30',	'7',	'9',	'3',	'Real Madrid Club de Fútbol',		' '),
	('SI0004', 	'Anakin Skywalker',		'34.99', 	'Singolo',		'2023-06-13',	'2023-06-13',	'12',	'19',	'25',	' ',								'AJALEI'),
	('AB0423', 	'Leia Organa',			'500,00', 	'Abbonamento',	'2022-08-01',	'2023-06-30',	'4',	'20',	'2',	'Paris Saint-Germain',				' '),
	('SI0005', 	'Han Solo', 			'80,00', 	'Singolo',		'2022-09-08',	'2022-09-08',	'15',	'3',	'7',	' ',								'MILINT'),
	('SI0006', 	'Lorenzo Ostuni', 		'25,99', 	'Singolo',		'2023-01-11',	'2023-01-11',	'5',	'23',	'8',	' ',								'MUNMIL'),
	('AB0322', 	'Veronica De Marchi', 	'120,00', 	'Abbonamento',	'2022-10-31',	'2022-11-30',	'12',	'20',	'24',	'Fußball-Club Bayern München',		' '),
	('AB0422', 	'Sofia Fiorini', 		'120,00', 	'Abbonamento',	'2022-10-31',	'2022-11-30',	'6',	'22',	'6',	'Fußball-Club Bayern München',		' '),
	('SI0007', 	'Alice Grosso', 		'26,00', 	'Singolo',		'2023-03-15',	'2023-03-15',	'11',	'21',	'28',	' ',								'PSGMCI'),
	('AB0522', 	'Francesco Bertoli',	'120,00', 	'Abbonamento',	'2022-02-31',	'2022-03-30',	'4',	'22',	'12',	'Associazione Sportiva Roma',		' '),
	('SI0008', 	'Laura Gallinaro', 		'80,00', 	'Singolo',		'2022-10-19',	'2022-10-19',	'20',	'21',	'29',	' ',								'ATLLIV'),
	('AB0523', 	'ObiWan Kenobi', 		'500,00', 	'Abbonamento',	'2022-08-01',	'2023-06-30',	'1',	'27',	'23',	'Futbol Club Barcelona',			' '),
	('AB0623', 	'Mace Windu',			'500,00', 	'Abbonamento',	'2022-08-01',	'2023-06-30',	'14',	'14',	'20',	'Futbol Club Barcelona',			' '),
	('SI0009', 	'Owen Lars', 			'34.99', 	'Singolo',		'2023-05-02',	'2023-05-02',	'4',	'26',	'22',	' ',								'BVBCHE'),
	('SI0010', 	'Timmy Turner', 		'34.99', 	'Singolo',		'2023-04-12',	'2023-04-12',	'29',	'23',	'28',	' ',								'JUVARS'),
	('SI0011', 	'Kylo Ren',				'25,99', 	'Singolo',		'2023-05-09',	'2023-05-09',	'15',	'25',	'1',	' ',								'BENSEV'),
	('SI0012', 	'Poe Demeron', 			'80,00', 	'Singolo',		'2022-12-07',	'2022-12-07',	'12',	'27',	'11',	' ',								'BARTOT'),
	('SI0013', 	'Padme Amidala',		'72,00', 	'Singolo',		'2022-09-08',	'2022-09-08',	'14',	'23',	'30',	' ',								'INTROM'),
	('AB0723', 	'QuiGon Jinn',			'500,00', 	'Abbonamento',	'2022-08-01',	'2023-06-30',	'12',	'20',	'22',	'Sport Lisboa e Benfica',			' '),
	('AB0823', 	'Jango Fett',			'500,00', 	'Abbonamento',	'2022-08-01',	'2023-06-30',	'1',	'4',	'21',	'Sport Lisboa e Benfica',			' ');

--
-- QUERY 1: CLASSIFICA IN ORDINE DI PUNTEGGIO CON PARTITE GIOCATE, GOAL FATTI, SUBITI E DIFFERENZA RETI
--
SELECT  squadra, COUNT(squadra) AS PARTITE_GIOCATE, SUM(punteggio) AS PUNTEGGIO, SUM(FATTI) AS GF, SUM(SUBITI) AS GS, SUM(FATTI) - SUM(SUBITI) AS DIFFERENZA_RETI
FROM (SELECT NOME_CLUB_CASA AS squadra, GOAL_CASA AS fatti, GOAL_TRASFERTA AS SUBITI,
      		CASE
			WHEN GOAL_CASA > GOAL_TRASFERTA THEN 3
			WHEN GOAL_CASA = GOAL_TRASFERTA THEN 1
			ELSE 0
			END punteggio
			FROM PARTITA
		UNION ALL
	SELECT NOME_CLUB_TRASFERTA AS squadra, GOAL_TRASFERTA AS fatti, GOAL_CASA AS SUBITI,
    		CASE
			WHEN GOAL_TRASFERTA > GOAL_CASA THEN 3
			WHEN GOAL_TRASFERTA = GOAL_CASA THEN 1
			ELSE 0
			END punteggio
			FROM PARTITA
	) AS T
GROUP BY squadra
ORDER BY PUNTEGGIO DESC 

--
-- QUERY 2: NUMERO GIOCATORI IN SCADENZA NEI VARI ANNI PER CLUB
--
SELECT DISTINCT GIOCATORI.NOME_CLUB, COUNT(CF) AS TOT_GIOCATORI, SUM(CASE WHEN GIOCATORI.ANNI_CONTRATTO <= '2023-30-06' THEN 1 ELSE 0 END) AS SCADENZA_2023,
				SUM(CASE WHEN GIOCATORI.ANNI_CONTRATTO BETWEEN '2023-07-01' AND '2024-06-30' THEN 1 ELSE 0 END) AS SCADENZA_2024,
                SUM(CASE WHEN GIOCATORI.ANNI_CONTRATTO BETWEEN '2024-07-01' AND '2025-06-30' THEN 1 ELSE 0 END) AS SCADENZA_2025,
                SUM(CASE WHEN GIOCATORI.ANNI_CONTRATTO BETWEEN '2025-07-01' AND '2026-06-30' THEN 1 ELSE 0 END) AS SCADENZA_2026,
                SUM(CASE WHEN GIOCATORI.ANNI_CONTRATTO BETWEEN '2026-07-01' AND '2027-06-30' THEN 1 ELSE 0 END) AS SCADENZA_2027
FROM GIOCATORI INNER JOIN CLUB ON CLUB.NOME=GIOCATORI.NOME_CLUB
WHERE CLUB.NOME=GIOCATORI.NOME_CLUB
GROUP BY GIOCATORI.NOME_CLUB
HAVING CLUB.RUOLO = 'Fondatore' OR CLUB.RUOLO = 'Qualificato'

--
-- QUERY 3: BILANCIO DEI VARI CLUB CON CAPITALE, STIPENDI E SPONSOR, IN ORDINE DI CAPITALE PIU ALTO
--
SELECT CLUB.NOME, CLUB.CAPITALE, COUNT(GIOCATORI.CF) AS TOT_GIOCATORI, SUM(GIOCATORI.VALORE_MERCATO) * 100 / CAPITALE AS VALORE_PERCENTUALE_GIOCATORI, 
		SPONSOR.NETTO + SPONSOR.BONUS AS GUADAGNO_TOT_SPONSOR, SUM(GIOCATORI.STIPENDIO) + SUM(ALLENATORE.STIPENDIO) AS TOT_STIPENDI
FROM CLUB INNER JOIN GIOCATORI ON CLUB.NOME=GIOCATORI.NOME_CLUB
			INNER JOIN SPONSOR ON CLUB.NOME_SPONSOR=SPONSOR.NOME
            INNER JOIN ALLENATORE ON CLUB.NOME=ALLENATORE.NOME_CLUB
WHERE CLUB.NOME=GIOCATORI.NOME_CLUB
	AND CLUB.NOME_SPONSOR=SPONSOR.NOME
    AND CLUB.NOME=ALLENATORE.NOME_CLUB
GROUP BY CLUB.NOME
ORDER BY CLUB.CAPITALE DESC

--
-- QUERY 4: LISTA CLUB CON CALCOLO DELL'ETA MEDIA DEI GIOCAGTORI IN ORDINE CRESCENTE
--
SELECT NOME_CLUB, ROUND(AVG(ETA / 365), 2) AS ETA_MEDIA
FROM (SELECT NOME, COGNOME, NOME_CLUB, JULIANDAY() - JULIANDAY(DATA_NASCITA) AS ETA
      FROM GIOCATORI)
GROUP BY NOME_CLUB
ORDER BY ETA_MEDIA ASC

--
-- QUERY 5: NUMERO DI GIOCATORI CON NAZIONALITA DIVERSA DA QUELLA DEL CLUB 
--
SELECT CLUB.NOME, CLUB.NAZIONALITA AS NAZIONALITA_CLUB, COUNT(GIOCATORI.NAZIONALITA) AS NUMERO
FROM CLUB INNER JOIN GIOCATORI ON CLUB.NOME=GIOCATORI.NOME_CLUB
WHERE CLUB.NOME=GIOCATORI.NOME_CLUB
	AND CLUB.NAZIONALITA <> GIOCATORI.NAZIONALITA
GROUP BY CLUB.NOME
ORDER BY NUMERO DESC

--
-- QUERY 6: NUMERO DI GOAL TOTALI SEGNATI TRASMESSI DAI VARI EMITTENTI TV
--
SELECT EMITTENTE_TV.NOME, EMITTENTE_TV.CRONISTA, EMITTENTE_TV.OPINIONISTA, 
		COUNT(DISTINCT PARTITA.NOME_CLUB_CASA) AS SQUADRE_COMMENTATE, SUM(PARTITA.GOAL_CASA) + SUM(PARTITA.GOAL_TRASFERTA) AS TOT_GOAL
FROM EMITTENTE_TV INNER JOIN PARTITA ON EMITTENTE_TV.NOME=PARTITA.NOME_TV
WHERE EMITTENTE_TV.NOME=PARTITA.NOME_TV
GROUP BY PARTITA.NOME_TV
ORDER BY TOT_GOAL DESC

--
-- INDEX RISULTATI PARTITA
--
CREATE INDEX RISULTATI
ON PARTITA(COD, GOAL_CASA, GOAL_TRASFERTA);
